"Station Name","VICTORIA INTL A"
"Province","BRITISH COLUMBIA"
"Latitude","48.65"
"Longitude","-123.43"
"Elevation","19.50"
"Climate Identifier","1018621"
"WMO Identifier","71799"
"TC Identifier","YYJ"
"All times are specified in Local Standard Time (LST). Add 1 hour to adjust for Daylight Saving Time where and when it is observed."

"Legend"
"E","Estimated"
"M","Missing"
"NA","Not Available"

"Date/Time","Year","Month","Day","Time","Temp (°C)","Temp Flag","Dew Point Temp (°C)","Dew Point Temp Flag","Rel Hum (%)","Rel Hum Flag","Wind Dir (10s deg)","Wind Dir Flag","Wind Spd (km/h)","Wind Spd Flag","Visibility (km)","Visibility Flag","Stn Press (kPa)","Stn Press Flag","Hmdx","Hmdx Flag","Wind Chill","Wind Chill Flag","Weather"
"2017-01-01 00:00","2017","01","01","00:00","-0.4","","-2.2","","88","","31","","14","","32.2","","100.39","","","","-5","","NA"
"2017-01-01 01:00","2017","01","01","01:00","-0.2","","-1.3","","92","","26","","9","","32.2","","100.38","","","","-3","","Mostly Cloudy"
"2017-01-01 02:00","2017","01","01","02:00","1.6","","-0.2","","88","","30","","18","","24.1","","100.41","","","","","","NA"
"2017-01-01 03:00","2017","01","01","03:00","1.4","","-0.2","","89","","28","","18","","4.8","","100.43","","","","","","Rain,Fog"
"2017-01-01 04:00","2017","01","01","04:00","1.2","","0.1","","92","","31","","6","","12.9","","100.45","","","","","","Rain,Snow"
"2017-01-01 05:00","2017","01","01","05:00","1.7","","0.5","","92","","36","","13","","4.8","","100.47","","","","","","Rain,Snow"
"2017-01-01 06:00","2017","01","01","06:00","1.7","","1.0","","95","","35","","21","","12.9","","100.48","","","","","","Rain"
"2017-01-01 07:00","2017","01","01","07:00","2.1","","-0.3","","84","","34","","15","","24.1","","100.49","","","","","","Mostly Cloudy"
"2017-01-01 08:00","2017","01","01","08:00","2.6","","-1.0","","77","","35","","17","","48.3","","100.48","","","","","","NA"
"2017-01-01 09:00","2017","01","01","09:00","2.9","","-2.4","","68","","34","","17","","48.3","","100.56","","","","","","NA"
"2017-01-01 10:00","2017","01","01","10:00","3.5","","-2.9","","63","","1","","20","","48.3","","100.62","","","","","","Mostly Cloudy"
"2017-01-01 11:00","2017","01","01","11:00","4.7","","-7.8","","40","","1","","34","","48.3","","100.65","","","","","","NA"
"2017-01-01 12:00","2017","01","01","12:00","4.2","","-6.7","","45","","36","","31","","48.3","","100.67","","","","","","NA"
"2017-01-01 13:00","2017","01","01","13:00","4.2","","-7.3","","43","","1","","22","","48.3","","100.69","","","","","","Mostly Cloudy"
"2017-01-01 14:00","2017","01","01","14:00","3.4","","-9.3","","39","","1","","36","","48.3","","100.70","","","","","","NA"
"2017-01-01 15:00","2017","01","01","15:00","3.0","","-9.0","","41","","1","","28","","48.3","","100.73","","","","","","NA"
"2017-01-01 16:00","2017","01","01","16:00","2.6","","-9.4","","41","","1","","26","","48.3","","100.78","","","","","","Mostly Cloudy"
"2017-01-01 17:00","2017","01","01","17:00","2.2","","-9.1","","43","","1","","25","","48.3","","100.83","","","","","","NA"
"2017-01-01 18:00","2017","01","01","18:00","1.8","","-9.5","","43","","2","","29","","48.3","","100.87","","","","","","NA"
"2017-01-01 19:00","2017","01","01","19:00","1.6","","-10.6","","40","","3","","33","","48.3","","100.90","","","","","","Mostly Cloudy"
"2017-01-01 20:00","2017","01","01","20:00","1.3","","-10.9","","40","","2","","28","","32.2","","100.96","","","","","","NA"
"2017-01-01 21:00","2017","01","01","21:00","1.0","","-11.2","","40","","3","","31","","32.2","","101.02","","","","","","NA"
"2017-01-01 22:00","2017","01","01","22:00","1.0","","-11.2","","40","","2","","30","","32.2","","101.07","","","","","","Mostly Cloudy"
"2017-01-01 23:00","2017","01","01","23:00","0.9","","-11.9","","38","","3","","31","","32.2","","101.10","","","","","","NA"
"2017-01-02 00:00","2017","01","02","00:00","0.4","","-12.0","","39","","2","","28","","32.2","","101.13","","","","","","NA"
"2017-01-02 01:00","2017","01","02","01:00","0.2","","-11.9","","40","","2","","28","","32.2","","101.15","","","","","","Mainly Clear"
"2017-01-02 02:00","2017","01","02","02:00","0.2","","-11.9","","40","","3","","36","","32.2","","101.18","","","","","","NA"
"2017-01-02 03:00","2017","01","02","03:00","0.3","","-11.8","","40","","4","","31","","32.2","","101.21","","","","","","NA"
"2017-01-02 04:00","2017","01","02","04:00","0.1","","-11.4","","42","","2","","32","","32.2","","101.24","","","","","","Mainly Clear"
"2017-01-02 05:00","2017","01","02","05:00","0.0","","-11.8","","41","","2","","28","","32.2","","101.28","","","","-6","","NA"
"2017-01-02 06:00","2017","01","02","06:00","-0.1","","-12.2","","40","","3","","31","","32.2","","101.33","","","","-7","","NA"
"2017-01-02 07:00","2017","01","02","07:00","-0.1","","-12.8","","38","","3","","32","","32.2","","101.38","","","","-7","","Mainly Clear"
"2017-01-02 08:00","2017","01","02","08:00","-0.5","","-13.5","","37","","4","","34","","48.3","","101.43","","","","-8","","NA"
"2017-01-02 09:00","2017","01","02","09:00","-0.2","","-13.6","","36","","4","","39","","48.3","","101.52","","","","-8","","NA"
"2017-01-02 10:00","2017","01","02","10:00","0.2","","-13.6","","35","","5","","37","","48.3","","101.59","","","","","","Clear"
"2017-01-02 11:00","2017","01","02","11:00","0.6","","-12.9","","36","","4","","34","","48.3","","101.66","","","","","","NA"
"2017-01-02 12:00","2017","01","02","12:00","1.0","","-12.8","","35","","5","","31","","48.3","","101.68","","","","","","NA"
"2017-01-02 13:00","2017","01","02","13:00","1.0","","-13.2","","34","","4","","27","","48.3","","101.70","","","","","","Clear"
"2017-01-02 14:00","2017","01","02","14:00","1.0","","-14.0","","32","","5","","35","","48.3","","101.73","","","","","","NA"
"2017-01-02 15:00","2017","01","02","15:00","0.8","","-13.4","","34","","4","","28","","48.3","","101.77","","","","","","NA"
"2017-01-02 16:00","2017","01","02","16:00","0.3","","-14.6","","32","","4","","37","","48.3","","101.85","","","","","","Clear"
"2017-01-02 17:00","2017","01","02","17:00","-0.1","","-13.8","","35","","5","","30","","48.3","","101.90","","","","-7","","NA"
"2017-01-02 18:00","2017","01","02","18:00","-0.2","","-14.3","","34","","6","","33","","48.3","","101.95","","","","-7","","NA"
"2017-01-02 19:00","2017","01","02","19:00","-0.6","","-14.3","","35","","5","","32","","48.3","","102.00","","","","-7","","Clear"
"2017-01-02 20:00","2017","01","02","20:00","-0.8","","-14.5","","35","","4","","36","","48.3","","102.06","","","","-8","","NA"
"2017-01-02 21:00","2017","01","02","21:00","-0.9","","-13.9","","37","","4","","28","","48.3","","102.15","","","","-7","","NA"
"2017-01-02 22:00","2017","01","02","22:00","-1.0","","-14.7","","35","","4","","34","","48.3","","102.20","","","","-8","","Clear"
"2017-01-02 23:00","2017","01","02","23:00","-1.3","","-14.2","","37","","5","","28","","48.3","","102.26","","","","-8","","NA"
"2017-01-03 00:00","2017","01","03","00:00","-1.5","","-14.1","","38","","5","","26","","48.3","","102.30","","","","-8","","NA"
"2017-01-03 01:00","2017","01","03","01:00","-1.6","","-14.5","","37","","4","","26","","48.3","","102.35","","","","-8","","Clear"
"2017-01-03 02:00","2017","01","03","02:00","-1.6","","-14.8","","36","","4","","27","","48.3","","102.40","","","","-8","","NA"
"2017-01-03 03:00","2017","01","03","03:00","-1.7","","-14.6","","37","","5","","19","","48.3","","102.48","","","","-7","","NA"
"2017-01-03 04:00","2017","01","03","04:00","-1.9","","-14.8","","37","","4","","28","","48.3","","102.51","","","","-9","","Clear"
"2017-01-03 05:00","2017","01","03","05:00","-2.0","","-14.5","","38","","6","","23","","48.3","","102.54","","","","-8","","NA"
"2017-01-03 06:00","2017","01","03","06:00","-1.8","","-15.0","","36","","4","","26","","48.3","","102.55","","","","-8","","NA"
"2017-01-03 07:00","2017","01","03","07:00","-1.6","","-14.8","","36","","6","","22","","48.3","","102.53","","","","-8","","Clear"
"2017-01-03 08:00","2017","01","03","08:00","-2.0","","-14.9","","37","","6","","20","","48.3","","102.56","","","","-8","","NA"
"2017-01-03 09:00","2017","01","03","09:00","-1.5","","-15.5","","34","","6","","22","","48.3","","102.58","","","","-7","","NA"
"2017-01-03 10:00","2017","01","03","10:00","-0.9","","-15.7","","32","","5","","26","","48.3","","102.63","","","","-7","","Clear"
"2017-01-03 11:00","2017","01","03","11:00","-0.4","","-13.4","","37","","6","","22","","48.3","","102.63","","","","-6","","NA"
"2017-01-03 12:00","2017","01","03","12:00","-0.2","","-15.4","","31","","5","","29","","48.3","","102.62","","","","-7","","NA"
"2017-01-03 13:00","2017","01","03","13:00","0.0","","-15.3","","31","","5","","24","","48.3","","102.63","","","","-6","","Clear"
"2017-01-03 14:00","2017","01","03","14:00","0.4","","-14.9","","31","","6","","22","","48.3","","102.59","","","","","","NA"
"2017-01-03 15:00","2017","01","03","15:00","0.2","","-13.9","","34","","5","","20","","48.3","","102.59","","","","","","NA"
"2017-01-03 16:00","2017","01","03","16:00","-0.4","","-14.8","","33","","5","","29","","48.3","","102.59","","","","-7","","Clear"
"2017-01-03 17:00","2017","01","03","17:00","-0.6","","-14.7","","34","","5","","32","","48.3","","102.56","","","","-7","","NA"
"2017-01-03 18:00","2017","01","03","18:00","-0.7","","-14.7","","34","","5","","34","","48.3","","102.59","","","","-8","","NA"
"2017-01-03 19:00","2017","01","03","19:00","-0.6","","-15.0","","33","","6","","41","","48.3","","102.58","","","","-8","","Clear"
"2017-01-03 20:00","2017","01","03","20:00","-0.8","","-15.6","","32","","5","","31","","48.3","","102.56","","","","-8","","NA"
"2017-01-03 21:00","2017","01","03","21:00","-1.1","","-15.1","","34","","6","","26","","48.3","","102.55","","","","-7","","NA"
"2017-01-03 22:00","2017","01","03","22:00","-1.0","","-14.0","","37","","5","","31","","48.3","","102.53","","","","-8","","Clear"
"2017-01-03 23:00","2017","01","03","23:00","-0.7","","-13.4","","38","","6","","37","","48.3","","102.49","","","","-8","","NA"
"2017-01-04 00:00","2017","01","04","00:00","0.3","","-11.2","","42","","6","","46","","48.3","","102.45","","","","","","NA"
"2017-01-04 01:00","2017","01","04","01:00","0.3","","-12.8","","37","","6","","26","","48.3","","102.42","","","","","","Clear"
"2017-01-04 02:00","2017","01","04","02:00","0.6","","-10.9","","42","","6","","29","","48.3","","102.35","","","","","","NA"
"2017-01-04 03:00","2017","01","04","03:00","1.2","","-11.6","","38","","7","","55","","48.3","","102.32","","","","","","NA"
"2017-01-04 04:00","2017","01","04","04:00","1.0","","-9.7","","45","","6","","35","","48.3","","102.33","","","","","","Clear"
"2017-01-04 05:00","2017","01","04","05:00","0.6","","-10.6","","43","","4","","34","","48.3","","102.33","","","","","","NA"
"2017-01-04 06:00","2017","01","04","06:00","-0.9","","-9.8","","51","","2","","13","","48.3","","102.36","","","","-5","","NA"
"2017-01-04 07:00","2017","01","04","07:00","-2.4","","-9.6","","58","","33","","9","","48.3","","102.37","","","","-6","","Clear"
"2017-01-04 08:00","2017","01","04","08:00","-1.8","","-7.9","","63","","35","","8","","48.3","","102.38","","","","-5","","NA"
"2017-01-04 09:00","2017","01","04","09:00","-0.2","","-6.4","","63","","33","","13","","48.3","","102.42","","","","-4","","NA"
"2017-01-04 10:00","2017","01","04","10:00","1.4","","-4.9","","63","","36","","16","","48.3","","102.47","","","","","","Clear"
"2017-01-04 11:00","2017","01","04","11:00","2.3","","-6.1","","54","","35","","16","","48.3","","102.48","","","","","","NA"
"2017-01-04 12:00","2017","01","04","12:00","2.9","","-5.8","","53","","35","","15","","48.3","","102.46","","","","","","NA"
"2017-01-04 13:00","2017","01","04","13:00","3.5","","-5.2","","53","","35","","16","","48.3","","102.45","","","","","","Clear"
"2017-01-04 14:00","2017","01","04","14:00","3.8","","-6.8","","46","","1","","13","","48.3","","102.43","","","","","","NA"
"2017-01-04 15:00","2017","01","04","15:00","4.0","","-7.8","","42","","34","","11","","48.3","","102.47","","","","","","NA"
"2017-01-04 16:00","2017","01","04","16:00","3.0","","-8.7","","42","","31","","3","","48.3","","102.51","","","","","","Clear"
"2017-01-04 17:00","2017","01","04","17:00","-2.9","","-7.4","","71","","24","","6","","48.3","","102.55","","","","-5","","NA"
"2017-01-04 18:00","2017","01","04","18:00","-3.5","","-7.5","","74","","23","","7","","48.3","","102.59","","","","-6","","NA"
"2017-01-04 19:00","2017","01","04","19:00","-4.3","","-7.3","","80","","25","","7","","48.3","","102.62","","","","-7","","Clear"
"2017-01-04 20:00","2017","01","04","20:00","-3.3","","-6.3","","80","","23","","7","","48.3","","102.66","","","","-6","","NA"
"2017-01-04 21:00","2017","01","04","21:00","-3.0","","-6.1","","79","","24","","12","","48.3","","102.66","","","","-7","","NA"
"2017-01-04 22:00","2017","01","04","22:00","-3.7","","-7.2","","77","","24","","8","","48.3","","102.69","","","","-7","","Clear"
"2017-01-04 23:00","2017","01","04","23:00","-3.5","","-6.0","","83","","28","","7","","48.3","","102.72","","","","-6","","NA"
"2017-01-05 00:00","2017","01","05","00:00","-2.5","","-6.3","","75","","3","","6","","48.3","","102.68","","","","-5","","NA"
"2017-01-05 01:00","2017","01","05","01:00","-2.0","","-6.8","","70","","2","","7","","48.3","","102.67","","","","-5","","Clear"
"2017-01-05 02:00","2017","01","05","02:00","-2.0","","-5.0","","80","","27","","9","","48.3","","102.67","","","","-5","","NA"
"2017-01-05 03:00","2017","01","05","03:00","-2.9","","-6.4","","77","","31","","14","","48.3","","102.66","","","","-8","","NA"
"2017-01-05 04:00","2017","01","05","04:00","-3.1","","-5.8","","82","","26","","8","","48.3","","102.60","","","","-6","","Clear"
"2017-01-05 05:00","2017","01","05","05:00","-4.4","","-6.9","","83","","24","","7","","48.3","","102.55","","","","-8","","NA"
"2017-01-05 06:00","2017","01","05","06:00","-4.1","","-6.9","","81","","26","","7","","48.3","","102.52","","","","-7","","NA"
"2017-01-05 07:00","2017","01","05","07:00","-3.4","","-6.0","","82","","27","","9","","48.3","","102.49","","","","-7","","Clear"
"2017-01-05 08:00","2017","01","05","08:00","-4.6","","-6.4","","87","","26","","5","","48.3","","102.48","","","","-7","","NA"
"2017-01-05 09:00","2017","01","05","09:00","-3.5","","-5.4","","87","","24","","9","","48.3","","102.46","","","","-7","","NA"
"2017-01-05 10:00","2017","01","05","10:00","-0.9","","-4.3","","78","","26","","8","","48.3","","102.45","","","","-4","","Mainly Clear"
"2017-01-05 11:00","2017","01","05","11:00","0.1","","-5.1","","68","","28","","8","","48.3","","102.39","","","","","","NA"
"2017-01-05 12:00","2017","01","05","12:00","1.4","","-4.9","","63","","29","","7","","48.3","","102.31","","","","","","NA"
"2017-01-05 13:00","2017","01","05","13:00","2.2","","-4.6","","61","","12","","8","","48.3","","102.23","","","","","","Mainly Clear"
"2017-01-05 14:00","2017","01","05","14:00","2.5","","-3.0","","67","","14","","9","","48.3","","102.18","","","","","","NA"
"2017-01-05 15:00","2017","01","05","15:00","2.3","","-3.4","","66","","12","","10","","48.3","","102.13","","","","","","NA"
"2017-01-05 16:00","2017","01","05","16:00","1.9","","-3.6","","67","","15","","12","","48.3","","102.09","","","","","","Mostly Cloudy"
"2017-01-05 17:00","2017","01","05","17:00","0.4","","-3.9","","73","","16","","8","","48.3","","102.04","","","","","","NA"
"2017-01-05 18:00","2017","01","05","18:00","0.2","","-3.2","","78","","16","","7","","48.3","","101.99","","","","","","NA"
"2017-01-05 19:00","2017","01","05","19:00","-0.3","","-3.3","","80","","36","","3","","48.3","","101.95","","","","-1","","Mainly Clear"
"2017-01-05 20:00","2017","01","05","20:00","-2.5","","-4.2","","88","","25","","7","","32.2","","101.89","","","","-5","","NA"
"2017-01-05 21:00","2017","01","05","21:00","-1.4","","-2.5","","92","","24","","8","","48.3","","101.89","","","","-4","","NA"
"2017-01-05 22:00","2017","01","05","22:00","-0.8","","-2.2","","90","","26","","7","","48.3","","101.84","","","","-3","","Mostly Cloudy"
"2017-01-05 23:00","2017","01","05","23:00","-1.3","","-2.4","","92","","33","","5","","48.3","","101.75","","","","-3","","NA"
"2017-01-06 00:00","2017","01","06","00:00","-1.0","","-2.1","","92","","36","","2","","48.3","","101.69","","","","-2","","NA"
"2017-01-06 01:00","2017","01","06","01:00","-1.0","","-2.1","","92","","18","","3","","48.3","","101.65","","","","-2","","Cloudy"
"2017-01-06 02:00","2017","01","06","02:00","2.0","","-1.3","","79","","16","","4","","48.3","","101.62","","","","","","NA"
"2017-01-06 03:00","2017","01","06","03:00","2.4","","-1.8","","74","","16","","9","","48.3","","101.61","","","","","","NA"
"2017-01-06 04:00","2017","01","06","04:00","2.6","","-1.4","","75","","15","","15","","48.3","","101.54","","","","","","Cloudy"
"2017-01-06 05:00","2017","01","06","05:00","2.7","","-2.6","","68","","13","","21","","32.2","","101.48","","","","","","Snow"
"2017-01-06 06:00","2017","01","06","06:00","2.5","","-1.7","","74","","15","","20","","48.3","","101.41","","","","","","NA"
"2017-01-06 07:00","2017","01","06","07:00","2.5","","-2.0","","72","","14","","21","","48.3","","101.40","","","","","","Mostly Cloudy"
"2017-01-06 08:00","2017","01","06","08:00","2.1","","-2.1","","74","","14","","29","","48.3","","101.40","","","","","","NA"
"2017-01-06 09:00","2017","01","06","09:00","2.3","","-1.7","","75","","14","","29","","48.3","","101.41","","","","","","NA"
"2017-01-06 10:00","2017","01","06","10:00","2.6","","-0.9","","78","","13","","22","","48.3","","101.41","","","","","","Mostly Cloudy"
"2017-01-06 11:00","2017","01","06","11:00","2.5","","-3.0","","67","","14","","28","","48.3","","101.42","","","","","","NA"
"2017-01-06 12:00","2017","01","06","12:00","2.8","","-2.3","","69","","14","","29","","48.3","","101.37","","","","","","NA"
"2017-01-06 13:00","2017","01","06","13:00","3.2","","-1.7","","70","","12","","22","","48.3","","101.33","","","","","","Mostly Cloudy"
"2017-01-06 14:00","2017","01","06","14:00","3.4","","-2.2","","67","","13","","15","","48.3","","101.33","","","","","","NA"
"2017-01-06 15:00","2017","01","06","15:00","3.4","","-2.8","","64","","13","","20","","48.3","","101.33","","","","","","NA"
"2017-01-06 16:00","2017","01","06","16:00","3.7","","-2.3","","65","","13","","17","","48.3","","101.31","","","","","","Mostly Cloudy"
"2017-01-06 17:00","2017","01","06","17:00","2.8","","-3.3","","64","","10","","11","","48.3","","101.30","","","","","","NA"
"2017-01-06 18:00","2017","01","06","18:00","3.0","","-3.8","","61","","12","","9","","48.3","","101.30","","","","","","NA"
"2017-01-06 19:00","2017","01","06","19:00","-2.3","","-4.8","","83","","27","","4","","48.3","","101.31","","","","-4","","Mainly Clear"
"2017-01-06 20:00","2017","01","06","20:00","-3.0","","-4.6","","89","","25","","4","","48.3","","101.30","","","","-5","","NA"
"2017-01-06 21:00","2017","01","06","21:00","-2.6","","-4.3","","88","","27","","7","","48.3","","101.30","","","","-5","","NA"
"2017-01-06 22:00","2017","01","06","22:00","-0.9","","-3.1","","85","","23","","11","","48.3","","101.29","","","","-5","","Mostly Cloudy"
"2017-01-06 23:00","2017","01","06","23:00","-1.4","","-3.0","","89","","24","","9","","48.3","","101.30","","","","-5","","NA"
"2017-01-07 00:00","2017","01","07","00:00","-2.1","","-3.1","","93","","26","","3","","48.3","","101.27","","","","-3","","NA"
"2017-01-07 01:00","2017","01","07","01:00","-3.0","","-3.8","","94","","27","","4","","48.3","","101.29","","","","-5","","Mainly Clear"
"2017-01-07 02:00","2017","01","07","02:00","0.9","","-4.4","","68","","10","","7","","48.3","","101.30","","","","","","NA"
"2017-01-07 03:00","2017","01","07","03:00","1.1","","-5.6","","61","","11","","12","","48.3","","101.30","","","","","","NA"
"2017-01-07 04:00","2017","01","07","04:00","-2.0","","-5.5","","77","","13","","5","","48.3","","101.24","","","","-4","","Mostly Cloudy"
"2017-01-07 05:00","2017","01","07","05:00","-3.5","","-7.1","","76","","23","","4","","48.3","","101.21","","","","-5","","NA"
"2017-01-07 06:00","2017","01","07","06:00","-4.7","","-7.2","","83","","23","","3","","48.3","","101.18","","","","-6","","NA"
"2017-01-07 07:00","2017","01","07","07:00","0.5","","-8.0","","53","","11","","8","","48.3","","101.14","","","","","","Mostly Cloudy"
"2017-01-07 08:00","2017","01","07","08:00","-0.3","","-8.1","","56","","10","","5","","48.3","","101.09","","","","-2","","NA"
"2017-01-07 09:00","2017","01","07","09:00","-3.9","","-7.2","","78","","25","","4","","48.3","","101.05","","","","-6","","NA"
"2017-01-07 10:00","2017","01","07","10:00","-1.1","","-3.3","","85","","28","","8","","48.3","","101.05","","","","-4","","Mostly Cloudy"
"2017-01-07 11:00","2017","01","07","11:00","0.1","","-2.8","","81","","28","","10","","48.3","","100.95","","","","","","NA"
"2017-01-07 12:00","2017","01","07","12:00","1.4","","-4.1","","67","","29","","14","","48.3","","100.85","","","","","","NA"
"2017-01-07 13:00","2017","01","07","13:00","1.9","","-3.8","","66","","29","","13","","48.3","","100.78","","","","","","Mostly Cloudy"
"2017-01-07 14:00","2017","01","07","14:00","2.5","","-4.1","","62","","29","","7","","48.3","","100.74","","","","","","NA"
"2017-01-07 15:00","2017","01","07","15:00","3.5","","-6.2","","49","","36","","14","","48.3","","100.70","","","","","","NA"
"2017-01-07 16:00","2017","01","07","16:00","2.4","","-5.0","","58","","35","","8","","48.3","","100.70","","","","","","Mostly Cloudy"
"2017-01-07 17:00","2017","01","07","17:00","1.8","","-5.2","","60","","34","","7","","48.3","","100.72","","","","","","NA"
"2017-01-07 18:00","2017","01","07","18:00","-0.2","","-4.5","","73","","26","","5","","48.3","","100.79","","","","-2","","NA"
"2017-01-07 19:00","2017","01","07","19:00","1.6","","-4.1","","66","","34","","9","","48.3","","100.86","","","","","","Mostly Cloudy"
"2017-01-07 20:00","2017","01","07","20:00","3.7","","-5.3","","52","","12","","9","","48.3","","100.95","","","","","","NA"
"2017-01-07 21:00","2017","01","07","21:00","4.0","","-5.0","","52","","12","","13","","48.3","","101.05","","","","","","NA"
"2017-01-07 22:00","2017","01","07","22:00","4.0","","-5.2","","51","","11","","10","","48.3","","101.14","","","","","","Cloudy"
"2017-01-07 23:00","2017","01","07","23:00","3.9","","-4.1","","56","","9","","19","","24.1","","101.22","","","","","","NA"
"2017-01-08 00:00","2017","01","08","00:00","4.0","","-4.0","","56","","10","","22","","24.1","","101.25","","","","","","NA"
"2017-01-08 01:00","2017","01","08","01:00","4.0","","-2.4","","63","","5","","18","","48.3","","101.24","","","","","","Cloudy"
"2017-01-08 02:00","2017","01","08","02:00","3.8","","-3.9","","57","","6","","25","","32.2","","101.27","","","","","","NA"
"2017-01-08 03:00","2017","01","08","03:00","3.9","","-4.3","","55","","5","","25","","32.2","","101.23","","","","","","NA"
"2017-01-08 04:00","2017","01","08","04:00","4.0","","-4.2","","55","","5","","24","","32.2","","101.10","","","","","","Cloudy"
"2017-01-08 05:00","2017","01","08","05:00","3.9","","-3.9","","57","","4","","19","","32.2","","101.00","","","","","","NA"
"2017-01-08 06:00","2017","01","08","06:00","4.2","","-3.3","","58","","3","","18","","32.2","","100.89","","","","","","NA"
"2017-01-08 07:00","2017","01","08","07:00","4.0","","-3.3","","59","","4","","18","","32.2","","100.76","","","","","","Cloudy"
"2017-01-08 08:00","2017","01","08","08:00","4.2","","-3.3","","58","","4","","21","","48.3","","100.65","","","","","","NA"
"2017-01-08 09:00","2017","01","08","09:00","4.3","","-3.5","","57","","36","","13","","48.3","","100.49","","","","","","NA"
"2017-01-08 10:00","2017","01","08","10:00","4.0","","-3.3","","59","","36","","2","","48.3","","100.40","","","","","","Cloudy"
"2017-01-08 11:00","2017","01","08","11:00","4.4","","-3.6","","56","","1","","9","","48.3","","100.22","","","","","","NA"
"2017-01-08 12:00","2017","01","08","12:00","4.3","","-3.5","","57","","1","","12","","48.3","","100.04","","","","","","NA"
"2017-01-08 13:00","2017","01","08","13:00","2.9","","-1.3","","74","","32","","8","","11.3","","99.88","","","","","","Snow"
"2017-01-08 14:00","2017","01","08","14:00","0.3","","-0.3","","96","","29","","8","","0.8","","99.73","","","","","","Moderate Snow"
"2017-01-08 15:00","2017","01","08","15:00","0.3","","0.0","","98","","26","","8","","2.4","","99.60","","","","","","Snow"
"2017-01-08 16:00","2017","01","08","16:00","0.6","","0.3","","98","","28","","9","","8.1","","99.51","","","","","","Rain,Snow"
"2017-01-08 17:00","2017","01","08","17:00","0.6","","0.3","","98","","29","","7","","16.1","","99.49","","","","","","Rain"
"2017-01-08 18:00","2017","01","08","18:00","0.9","","0.6","","98","","27","","7","","11.3","","99.46","","","","","","Rain"
"2017-01-08 19:00","2017","01","08","19:00","1.0","","0.7","","98","","24","","11","","11.3","","99.45","","","","","","Rain"
"2017-01-08 20:00","2017","01","08","20:00","1.2","","0.9","","98","","29","","9","","4.8","","99.45","","","","","","Rain,Fog"
"2017-01-08 21:00","2017","01","08","21:00","1.3","","1.2","","99","","27","","8","","8.1","","99.47","","","","","","Rain,Fog"
"2017-01-08 22:00","2017","01","08","22:00","1.2","","1.1","","99","","24","","14","","8.1","","99.51","","","","","","Rain,Fog"
"2017-01-08 23:00","2017","01","08","23:00","1.5","","1.4","","99","","23","","9","","9.7","","99.53","","","","","","Fog"
"2017-01-09 00:00","2017","01","09","00:00","1.7","","1.6","","99","","26","","4","","16.1","","99.51","","","","","","NA"
"2017-01-09 01:00","2017","01","09","01:00","2.1","","2.0","","99","","0","","1","","24.1","","99.52","","","","","","Rain"
"2017-01-09 02:00","2017","01","09","02:00","2.4","","2.1","","98","","30","","6","","4.8","","99.53","","","","","","Fog"
"2017-01-09 03:00","2017","01","09","03:00","3.6","","2.1","","90","","23","","30","","16.1","","99.70","","","","","","Moderate Rain Showers"
"2017-01-09 04:00","2017","01","09","04:00","2.9","","1.1","","88","","21","","5","","24.1","","99.68","","","","","","Cloudy"
"2017-01-09 05:00","2017","01","09","05:00","4.5","","1.2","","79","","20","","18","","32.2","","99.71","","","","","","NA"
"2017-01-09 06:00","2017","01","09","06:00","4.3","","0.3","","75","","20","","19","","32.2","","99.79","","","","","","NA"
"2017-01-09 07:00","2017","01","09","07:00","3.0","","1.1","","87","","16","","14","","32.2","","99.87","","","","","","Mostly Cloudy"
"2017-01-09 08:00","2017","01","09","08:00","2.7","","1.1","","89","","18","","15","","48.3","","99.92","","","","","","NA"
"2017-01-09 09:00","2017","01","09","09:00","2.9","","0.8","","86","","27","","6","","32.2","","100.00","","","","","","Rain"
"2017-01-09 10:00","2017","01","09","10:00","3.6","","2.1","","90","","33","","7","","32.2","","100.07","","","","","","Rain,Rain Showers"
"2017-01-09 11:00","2017","01","09","11:00","4.5","","2.9","","89","","11","","9","","32.2","","100.13","","","","","","Rain Showers"
"2017-01-09 12:00","2017","01","09","12:00","4.5","","3.3","","92","","14","","4","","32.2","","100.11","","","","","","NA"
"2017-01-09 13:00","2017","01","09","13:00","5.0","","3.5","","90","","28","","3","","32.2","","100.09","","","","","","Cloudy"
"2017-01-09 14:00","2017","01","09","14:00","5.5","","3.4","","86","","13","","14","","32.2","","100.10","","","","","","NA"
"2017-01-09 15:00","2017","01","09","15:00","5.5","","3.2","","85","","14","","13","","32.2","","100.17","","","","","","NA"
"2017-01-09 16:00","2017","01","09","16:00","4.8","","2.7","","86","","15","","9","","32.2","","100.23","","","","","","Mostly Cloudy"
"2017-01-09 17:00","2017","01","09","17:00","4.9","","2.6","","85","","14","","11","","32.2","","100.25","","","","","","NA"
"2017-01-09 18:00","2017","01","09","18:00","4.1","","1.7","","84","","13","","9","","32.2","","100.23","","","","","","NA"
"2017-01-09 19:00","2017","01","09","19:00","1.8","","0.9","","94","","30","","4","","32.2","","100.24","","","","","","Mainly Clear"
"2017-01-09 20:00","2017","01","09","20:00","0.6","","0.3","","98","","2","","5","","32.2","","100.25","","","","","","NA"
"2017-01-09 21:00","2017","01","09","21:00","3.5","","2.2","","91","","10","","11","","24.1","","100.29","","","","","","NA"
"2017-01-09 22:00","2017","01","09","22:00","3.9","","1.5","","84","","8","","13","","24.1","","100.27","","","","","","Cloudy"
"2017-01-09 23:00","2017","01","09","23:00","4.0","","1.2","","82","","9","","9","","24.1","","100.28","","","","","","NA"
"2017-01-10 00:00","2017","01","10","00:00","3.9","","2.1","","88","","5","","22","","24.1","","100.25","","","","","","NA"
"2017-01-10 01:00","2017","01","10","01:00","3.1","","0.8","","85","","5","","20","","24.1","","100.26","","","","","","Cloudy"
"2017-01-10 02:00","2017","01","10","02:00","2.8","","0.0","","82","","4","","19","","19.3","","100.29","","","","","","Rain Showers"
"2017-01-10 03:00","2017","01","10","03:00","1.5","","-0.6","","86","","5","","21","","16.1","","100.33","","","","","","Rain,Snow"
"2017-01-10 04:00","2017","01","10","04:00","1.8","","-2.5","","73","","6","","21","","19.3","","100.31","","","","","","Snow"
"2017-01-10 05:00","2017","01","10","05:00","1.5","","-3.2","","71","","1","","12","","16.1","","100.32","","","","","","Snow Showers"
"2017-01-10 06:00","2017","01","10","06:00","1.1","","-4.2","","68","","2","","13","","32.2","","100.34","","","","","","NA"
"2017-01-10 07:00","2017","01","10","07:00","1.1","","-4.6","","66","","6","","14","","32.2","","100.38","","","","","","Cloudy"
"2017-01-10 08:00","2017","01","10","08:00","1.0","","-5.3","","63","","6","","23","","32.2","","100.44","","","","","","NA"
"2017-01-10 09:00","2017","01","10","09:00","0.9","","-5.4","","63","","6","","19","","32.2","","100.50","","","","","","NA"
"2017-01-10 10:00","2017","01","10","10:00","2.3","","-5.8","","55","","4","","18","","32.2","","100.51","","","","","","Mostly Cloudy"
"2017-01-10 11:00","2017","01","10","11:00","2.3","","-7.1","","50","","5","","22","","32.2","","100.53","","","","","","NA"
"2017-01-10 12:00","2017","01","10","12:00","3.0","","-7.8","","45","","3","","17","","32.2","","100.47","","","","","","NA"
"2017-01-10 13:00","2017","01","10","13:00","2.9","","-8.5","","43","","3","","19","","32.2","","100.43","","","","","","Mainly Clear"
"2017-01-10 14:00","2017","01","10","14:00","2.9","","-10.4","","37","","4","","24","","32.2","","100.40","","","","","","NA"
"2017-01-10 15:00","2017","01","10","15:00","2.4","","-11.2","","36","","4","","33","","32.2","","100.39","","","","","","NA"
"2017-01-10 16:00","2017","01","10","16:00","1.8","","-10.4","","40","","3","","23","","48.3","","100.38","","","","","","Clear"
"2017-01-10 17:00","2017","01","10","17:00","1.3","","-12.2","","36","","4","","33","","48.3","","100.42","","","","","","NA"
"2017-01-10 18:00","2017","01","10","18:00","0.6","","-12.2","","38","","5","","31","","48.3","","100.42","","","","","","NA"
"2017-01-10 19:00","2017","01","10","19:00","0.0","","-14.5","","33","","5","","40","","48.3","","100.44","","","","-7","","Clear"
"2017-01-10 20:00","2017","01","10","20:00","-0.5","","-14.2","","35","","4","","27","","48.3","","100.46","","","","-7","","NA"
"2017-01-10 21:00","2017","01","10","21:00","-0.7","","-14.4","","35","","5","","32","","48.3","","100.46","","","","-8","","NA"
"2017-01-10 22:00","2017","01","10","22:00","-0.7","","-14.7","","34","","5","","29","","48.3","","100.42","","","","-7","","Clear"
"2017-01-10 23:00","2017","01","10","23:00","-0.8","","-15.2","","33","","5","","27","","48.3","","100.39","","","","-7","","NA"
"2017-01-11 00:00","2017","01","11","00:00","-1.0","","-16.1","","31","","5","","30","","48.3","","100.36","","","","-8","","NA"
"2017-01-11 01:00","2017","01","11","01:00","-1.2","","-14.8","","35","","6","","26","","48.3","","100.34","","","","-8","","Clear"
"2017-01-11 02:00","2017","01","11","02:00","-1.2","","-15.6","","33","","4","","22","","48.3","","100.39","","","","-7","","NA"
"2017-01-11 03:00","2017","01","11","03:00","-1.0","","-14.0","","37","","5","","27","","48.3","","100.44","","","","-7","","NA"
"2017-01-11 04:00","2017","01","11","04:00","-1.1","","-13.1","","40","","6","","24","","48.3","","100.47","","","","-7","","Clear"
"2017-01-11 05:00","2017","01","11","05:00","-1.2","","-13.8","","38","","3","","13","","48.3","","100.48","","","","-5","","NA"
"2017-01-11 06:00","2017","01","11","06:00","-1.4","","-12.7","","42","","5","","16","","48.3","","100.54","","","","-6","","NA"
"2017-01-11 07:00","2017","01","11","07:00","-1.8","","-11.7","","47","","5","","10","","48.3","","100.60","","","","-5","","Clear"
"2017-01-11 08:00","2017","01","11","08:00","-1.6","","-11.8","","46","","3","","15","","48.3","","100.70","","","","-6","","NA"
"2017-01-11 09:00","2017","01","11","09:00","-0.9","","-10.9","","47","","5","","12","","48.3","","100.79","","","","-5","","NA"
"2017-01-11 10:00","2017","01","11","10:00","0.0","","-11.5","","42","","2","","12","","48.3","","100.89","","","","-4","","Clear"
"2017-01-11 11:00","2017","01","11","11:00","0.8","","-12.3","","37","","5","","14","","48.3","","100.96","","","","","","NA"
"2017-01-11 12:00","2017","01","11","12:00","0.8","","-12.7","","36","","7","","21","","48.3","","100.97","","","","","","NA"
"2017-01-11 13:00","2017","01","11","13:00","1.6","","-12.3","","35","","1","","16","","48.3","","101.01","","","","","","Clear"
"2017-01-11 14:00","2017","01","11","14:00","1.7","","-13.0","","33","","2","","9","","48.3","","101.03","","","","","","NA"
"2017-01-11 15:00","2017","01","11","15:00","1.5","","-11.7","","37","","5","","10","","48.3","","101.11","","","","","","NA"
"2017-01-11 16:00","2017","01","11","16:00","1.0","","-12.8","","35","","4","","12","","48.3","","101.18","","","","","","Clear"
"2017-01-11 17:00","2017","01","11","17:00","-0.3","","-11.2","","44","","4","","9","","48.3","","101.23","","","","-3","","NA"
"2017-01-11 18:00","2017","01","11","18:00","-4.2","","-9.5","","67","","30","","5","","48.3","","101.33","","","","-6","","NA"
"2017-01-11 19:00","2017","01","11","19:00","-4.9","","-9.6","","70","","26","","6","","48.3","","101.40","","","","-8","","Clear"
"2017-01-11 20:00","2017","01","11","20:00","-2.9","","-6.9","","74","","29","","9","","48.3","","101.45","","","","-6","","NA"
"2017-01-11 21:00","2017","01","11","21:00","-4.1","","-7.6","","77","","25","","8","","48.3","","101.54","","","","-8","","NA"
"2017-01-11 22:00","2017","01","11","22:00","-3.4","","-7.2","","75","","28","","8","","48.3","","101.60","","","","-7","","Clear"
"2017-01-11 23:00","2017","01","11","23:00","-3.8","","-6.9","","79","","26","","9","","48.3","","101.63","","","","-8","","NA"
"2017-01-12 00:00","2017","01","12","00:00","-3.2","","-6.9","","76","","29","","17","","48.3","","101.68","","","","-9","","NA"
"2017-01-12 01:00","2017","01","12","01:00","-3.6","","-6.2","","82","","30","","16","","48.3","","101.73","","","","-9","","Clear"
"2017-01-12 02:00","2017","01","12","02:00","-3.6","","-6.9","","78","","29","","17","","48.3","","101.82","","","","-9","","NA"
"2017-01-12 03:00","2017","01","12","03:00","-3.7","","-6.7","","80","","28","","11","","48.3","","101.91","","","","-8","","NA"
"2017-01-12 04:00","2017","01","12","04:00","-5.1","","-7.4","","84","","27","","9","","48.3","","101.94","","","","-9","","Clear"
"2017-01-12 05:00","2017","01","12","05:00","-5.7","","-7.8","","85","","26","","8","","48.3","","101.95","","","","-9","","NA"
"2017-01-12 06:00","2017","01","12","06:00","-4.1","","-6.6","","83","","28","","13","","48.3","","101.98","","","","-9","","NA"
"2017-01-12 07:00","2017","01","12","07:00","-5.7","","-7.7","","86","","26","","10","","48.3","","102.03","","","","-10","","Clear"
"2017-01-12 08:00","2017","01","12","08:00","-5.5","","-6.9","","90","","27","","7","","48.3","","102.13","","","","-9","","NA"
"2017-01-12 09:00","2017","01","12","09:00","-3.3","","-5.9","","82","","28","","10","","48.3","","102.19","","","","-7","","NA"
"2017-01-12 10:00","2017","01","12","10:00","-2.0","","-5.7","","76","","28","","13","","48.3","","102.26","","","","-6","","Clear"
"2017-01-12 11:00","2017","01","12","11:00","-0.8","","-5.1","","73","","30","","14","","48.3","","102.32","","","","-5","","NA"
"2017-01-12 12:00","2017","01","12","12:00","0.0","","-5.6","","66","","27","","10","","48.3","","102.29","","","","-3","","NA"
"2017-01-12 13:00","2017","01","12","13:00","1.4","","-4.7","","64","","27","","6","","48.3","","102.25","","","","","","Clear"
"2017-01-12 14:00","2017","01","12","14:00","1.9","","-5.1","","60","","34","","5","","48.3","","102.23","","","","","","NA"
"2017-01-12 15:00","2017","01","12","15:00","1.7","","-5.3","","60","","1","","7","","48.3","","102.29","","","","","","NA"
"2017-01-12 16:00","2017","01","12","16:00","1.0","","-5.7","","61","","1","","7","","48.3","","102.35","","","","","","Clear"
"2017-01-12 17:00","2017","01","12","17:00","-1.7","","-6.7","","69","","2","","4","","48.3","","102.38","","","","-3","","NA"
"2017-01-12 18:00","2017","01","12","18:00","-4.0","","-6.3","","84","","28","","5","","48.3","","102.41","","","","-6","","NA"
"2017-01-12 19:00","2017","01","12","19:00","-4.5","","-6.3","","87","","25","","5","","48.3","","102.45","","","","-7","","Clear"
"2017-01-12 20:00","2017","01","12","20:00","-3.9","","-6.1","","85","","23","","10","","48.3","","102.50","","","","-8","","NA"
"2017-01-12 21:00","2017","01","12","21:00","-4.2","","-6.2","","86","","28","","4","","48.3","","102.56","","","","-6","","NA"
"2017-01-12 22:00","2017","01","12","22:00","-2.0","","-4.2","","85","","28","","7","","48.3","","102.59","","","","-5","","Cloudy"
"2017-01-12 23:00","2017","01","12","23:00","-2.2","","-4.4","","85","","30","","16","","48.3","","102.69","","","","-7","","NA"
"2017-01-13 00:00","2017","01","13","00:00","-3.4","","-5.1","","88","","26","","4","","48.3","","102.66","","","","-5","","NA"
"2017-01-13 01:00","2017","01","13","01:00","-3.2","","-5.1","","87","","28","","11","","48.3","","102.68","","","","-7","","Mostly Cloudy"
"2017-01-13 02:00","2017","01","13","02:00","-3.6","","-5.3","","88","","28","","6","","48.3","","102.71","","","","-6","","NA"
"2017-01-13 03:00","2017","01","13","03:00","-2.6","","-4.5","","87","","29","","13","","48.3","","102.75","","","","-7","","NA"
"2017-01-13 04:00","2017","01","13","04:00","-2.4","","-4.7","","84","","29","","13","","48.3","","102.80","","","","-7","","Cloudy"
"2017-01-13 05:00","2017","01","13","05:00","-2.8","","-4.5","","88","","29","","13","","48.3","","102.81","","","","-7","","NA"
"2017-01-13 06:00","2017","01","13","06:00","-2.9","","-4.9","","86","","29","","12","","48.3","","102.79","","","","-7","","NA"
"2017-01-13 07:00","2017","01","13","07:00","-2.3","","-4.6","","84","","29","","12","","48.3","","102.83","","","","-7","","Mostly Cloudy"
"2017-01-13 08:00","2017","01","13","08:00","-2.4","","-4.3","","87","","29","","7","","48.3","","102.88","","","","-5","","NA"
"2017-01-13 09:00","2017","01","13","09:00","-2.0","","-4.4","","84","","29","","10","","48.3","","102.93","","","","-6","","NA"
"2017-01-13 10:00","2017","01","13","10:00","-0.9","","-2.8","","87","","29","","10","","48.3","","102.98","","","","-4","","Mostly Cloudy"
"2017-01-13 11:00","2017","01","13","11:00","-0.2","","-2.7","","83","","28","","12","","48.3","","103.00","","","","-4","","NA"
"2017-01-13 12:00","2017","01","13","12:00","1.0","","-2.6","","77","","29","","12","","48.3","","102.96","","","","","","NA"
"2017-01-13 13:00","2017","01","13","13:00","1.0","","-2.4","","78","","30","","9","","48.3","","102.90","","","","","","Cloudy"
"2017-01-13 14:00","2017","01","13","14:00","1.4","","-2.4","","76","","29","","7","","48.3","","102.89","","","","","","NA"
"2017-01-13 15:00","2017","01","13","15:00","1.4","","-2.4","","76","","30","","7","","48.3","","102.92","","","","","","NA"
"2017-01-13 16:00","2017","01","13","16:00","0.8","","-2.4","","79","","32","","7","","48.3","","102.93","","","","","","Mostly Cloudy"
"2017-01-13 17:00","2017","01","13","17:00","0.2","","-2.7","","81","","35","","5","","48.3","","102.91","","","","","","NA"
"2017-01-13 18:00","2017","01","13","18:00","0.2","","-3.2","","78","","31","","5","","48.3","","102.96","","","","","","NA"
"2017-01-13 19:00","2017","01","13","19:00","0.2","","-2.5","","82","","34","","6","","48.3","","102.93","","","","","","Cloudy"
"2017-01-13 20:00","2017","01","13","20:00","-1.5","","-2.8","","91","","27","","5","","48.3","","102.94","","","","-3","","NA"
"2017-01-13 21:00","2017","01","13","21:00","-0.1","","-2.0","","87","","29","","6","","48.3","","102.94","","","","-2","","NA"
"2017-01-13 22:00","2017","01","13","22:00","-1.2","","-3.4","","85","","31","","10","","48.3","","102.94","","","","-5","","Cloudy"
"2017-01-13 23:00","2017","01","13","23:00","-1.2","","-3.1","","87","","29","","8","","48.3","","102.92","","","","-4","","NA"
"2017-01-14 00:00","2017","01","14","00:00","-1.9","","-3.2","","91","","30","","10","","48.3","","102.93","","","","-6","","NA"
"2017-01-14 01:00","2017","01","14","01:00","-1.9","","-3.6","","88","","29","","8","","48.3","","102.93","","","","-5","","Mostly Cloudy"
"2017-01-14 02:00","2017","01","14","02:00","-3.1","","-4.4","","91","","28","","9","","48.3","","102.92","","","","-7","","NA"
"2017-01-14 03:00","2017","01","14","03:00","-2.4","","-4.3","","87","","29","","10","","48.3","","102.91","","","","-6","","NA"
"2017-01-14 04:00","2017","01","14","04:00","-2.8","","-4.5","","88","","30","","11","","48.3","","102.91","","","","-7","","Clear"
"2017-01-14 05:00","2017","01","14","05:00","-2.8","","-4.8","","86","","29","","11","","48.3","","102.90","","","","-7","","NA"
"2017-01-14 06:00","2017","01","14","06:00","-3.4","","-5.6","","85","","24","","9","","48.3","","102.85","","","","-7","","NA"
"2017-01-14 07:00","2017","01","14","07:00","-4.3","","-5.7","","90","","27","","9","","48.3","","102.83","","","","-8","","Mainly Clear"
"2017-01-14 08:00","2017","01","14","08:00","-4.5","","-5.9","","90","","27","","7","","48.3","","102.82","","","","-8","","NA"
"2017-01-14 09:00","2017","01","14","09:00","-1.9","","-4.1","","85","","29","","9","","48.3","","102.81","","","","-5","","NA"
"2017-01-14 10:00","2017","01","14","10:00","-0.2","","-3.4","","79","","29","","13","","48.3","","102.79","","","","-4","","Mainly Clear"
"2017-01-14 11:00","2017","01","14","11:00","1.2","","-3.1","","73","","28","","11","","48.3","","102.75","","","","","","NA"
"2017-01-14 12:00","2017","01","14","12:00","2.1","","-2.2","","73","","29","","11","","48.3","","102.68","","","","","","NA"
"2017-01-14 13:00","2017","01","14","13:00","3.1","","-2.0","","69","","27","","7","","48.3","","102.57","","","","","","Mostly Cloudy"
"2017-01-14 14:00","2017","01","14","14:00","3.0","","-1.9","","70","","27","","4","","48.3","","102.48","","","","","","NA"
"2017-01-14 15:00","2017","01","14","15:00","3.2","","-1.6","","71","","36","","1","","48.3","","102.47","","","","","","NA"
"2017-01-14 16:00","2017","01","14","16:00","2.5","","-1.7","","74","","36","","3","","48.3","","102.44","","","","","","Mostly Cloudy"
"2017-01-14 17:00","2017","01","14","17:00","-0.6","","-3.1","","83","","25","","5","","48.3","","102.38","","","","-2","","NA"
"2017-01-14 18:00","2017","01","14","18:00","-1.8","","-3.1","","91","","25","","4","","48.3","","102.38","","","","-3","","NA"
"2017-01-14 19:00","2017","01","14","19:00","-2.1","","-3.2","","92","","24","","5","","48.3","","102.38","","","","-4","","Mostly Cloudy"
"2017-01-14 20:00","2017","01","14","20:00","0.3","","-2.3","","83","","27","","5","","48.3","","102.38","","","","","","NA"
"2017-01-14 21:00","2017","01","14","21:00","-1.0","","-3.2","","85","","24","","5","","48.3","","102.38","","","","-3","","NA"
"2017-01-14 22:00","2017","01","14","22:00","-1.4","","-2.8","","90","","27","","6","","48.3","","102.36","","","","-4","","Mostly Cloudy"
"2017-01-14 23:00","2017","01","14","23:00","-2.3","","-3.6","","91","","27","","7","","48.3","","102.35","","","","-5","","NA"
"2017-01-15 00:00","2017","01","15","00:00","-0.1","","-2.0","","87","","29","","11","","48.3","","102.39","","","","-4","","NA"
"2017-01-15 01:00","2017","01","15","01:00","0.1","","-1.4","","90","","29","","14","","48.3","","102.42","","","","","","Cloudy"
"2017-01-15 02:00","2017","01","15","02:00","-0.2","","-2.3","","86","","28","","6","","48.3","","102.41","","","","-2","","NA"
"2017-01-15 03:00","2017","01","15","03:00","0.5","","-1.7","","85","","25","","6","","48.3","","102.46","","","","","","NA"
"2017-01-15 04:00","2017","01","15","04:00","-0.2","","-2.4","","85","","27","","7","","48.3","","102.42","","","","-3","","Mainly Clear"
"2017-01-15 05:00","2017","01","15","05:00","-3.3","","-4.3","","93","","26","","5","","24.1","","102.41","","","","-5","","NA"
"2017-01-15 06:00","2017","01","15","06:00","-2.0","","-2.7","","95","","25","","6","","24.1","","102.41","","","","-4","","NA"
"2017-01-15 07:00","2017","01","15","07:00","-3.6","","-4.6","","93","","25","","8","","24.1","","102.37","","","","-7","","Mostly Cloudy"
"2017-01-15 08:00","2017","01","15","08:00","-0.7","","-1.8","","92","","25","","7","","48.3","","102.35","","","","-3","","NA"
"2017-01-15 09:00","2017","01","15","09:00","0.7","","-0.9","","89","","27","","8","","48.3","","102.38","","","","","","NA"
"2017-01-15 10:00","2017","01","15","10:00","2.1","","-1.3","","78","","28","","7","","48.3","","102.44","","","","","","Mostly Cloudy"
"2017-01-15 11:00","2017","01","15","11:00","3.6","","-1.4","","70","","27","","5","","48.3","","102.44","","","","","","NA"
"2017-01-15 12:00","2017","01","15","12:00","4.4","","-0.4","","71","","29","","5","","48.3","","102.37","","","","","","NA"
"2017-01-15 13:00","2017","01","15","13:00","4.2","","0.2","","75","","29","","4","","48.3","","102.34","","","","","","Mostly Cloudy"
"2017-01-15 14:00","2017","01","15","14:00","4.2","","0.2","","75","","29","","3","","48.3","","102.32","","","","","","NA"
"2017-01-15 15:00","2017","01","15","15:00","5.3","","0.5","","71","","36","","2","","48.3","","102.34","","","","","","NA"
"2017-01-15 16:00","2017","01","15","16:00","4.6","","0.7","","76","","11","","7","","48.3","","102.36","","","","","","Mostly Cloudy"
"2017-01-15 17:00","2017","01","15","17:00","2.1","","-0.2","","85","","20","","3","","48.3","","102.34","","","","","","NA"
"2017-01-15 18:00","2017","01","15","18:00","0.6","","-0.7","","91","","24","","5","","48.3","","102.34","","","","","","NA"
"2017-01-15 19:00","2017","01","15","19:00","0.4","","-1.2","","89","","24","","3","","48.3","","102.39","","","","","","Mostly Cloudy"
"2017-01-15 20:00","2017","01","15","20:00","0.5","","-0.7","","92","","27","","5","","32.2","","102.38","","","","","","NA"
"2017-01-15 21:00","2017","01","15","21:00","1.3","","0.3","","93","","27","","9","","32.2","","102.44","","","","","","NA"
"2017-01-15 22:00","2017","01","15","22:00","1.3","","0.4","","94","","30","","4","","32.2","","102.39","","","","","","Cloudy"
"2017-01-15 23:00","2017","01","15","23:00","1.8","","0.8","","93","","26","","9","","32.2","","102.37","","","","","","NA"
"2017-01-16 00:00","2017","01","16","00:00","1.4","","0.4","","93","","20","","3","","32.2","","102.32","","","","","","NA"
"2017-01-16 01:00","2017","01","16","01:00","1.1","","0.1","","93","","26","","8","","32.2","","102.25","","","","","","Mostly Cloudy"
"2017-01-16 02:00","2017","01","16","02:00","1.2","","0.3","","94","","24","","8","","32.2","","102.26","","","","","","NA"
"2017-01-16 03:00","2017","01","16","03:00","1.5","","0.5","","93","","29","","10","","32.2","","102.25","","","","","","NA"
"2017-01-16 04:00","2017","01","16","04:00","1.5","","0.5","","93","","36","","2","","32.2","","102.16","","","","","","Cloudy"
"2017-01-16 05:00","2017","01","16","05:00","0.8","","0.1","","95","","25","","7","","32.2","","102.12","","","","","","NA"
"2017-01-16 06:00","2017","01","16","06:00","1.6","","0.7","","94","","22","","8","","32.2","","102.07","","","","","","NA"
"2017-01-16 07:00","2017","01","16","07:00","1.5","","0.2","","91","","28","","3","","32.2","","102.02","","","","","","Cloudy"
"2017-01-16 08:00","2017","01","16","08:00","1.7","","0.2","","90","","23","","7","","32.2","","101.94","","","","","","NA"
"2017-01-16 09:00","2017","01","16","09:00","1.6","","0.3","","91","","26","","5","","32.2","","101.94","","","","","","NA"
"2017-01-16 10:00","2017","01","16","10:00","3.3","","1.2","","86","","28","","4","","32.2","","101.89","","","","","","Mostly Cloudy"
"2017-01-16 11:00","2017","01","16","11:00","4.3","","1.3","","81","","25","","6","","32.2","","101.86","","","","","","NA"
"2017-01-16 12:00","2017","01","16","12:00","6.0","","1.2","","71","","31","","4","","32.2","","101.73","","","","","","NA"
"2017-01-16 13:00","2017","01","16","13:00","5.9","","-0.6","","63","","8","","4","","32.2","","101.58","","","","","","Cloudy"
"2017-01-16 14:00","2017","01","16","14:00","5.6","","0.6","","70","","27","","10","","32.2","","101.46","","","","","","Rain"
"2017-01-16 15:00","2017","01","16","15:00","5.6","","0.8","","71","","29","","4","","32.2","","101.34","","","","","","Rain"
"2017-01-16 16:00","2017","01","16","16:00","5.3","","0.7","","72","","36","","2","","32.2","","101.26","","","","","","Rain"
"2017-01-16 17:00","2017","01","16","17:00","4.6","","1.5","","80","","28","","14","","24.1","","101.31","","","","","","Rain"
"2017-01-16 18:00","2017","01","16","18:00","3.5","","2.5","","93","","26","","7","","12.9","","101.31","","","","","","Rain"
"2017-01-16 19:00","2017","01","16","19:00","3.3","","2.6","","95","","21","","4","","24.1","","101.21","","","","","","Rain"
"2017-01-16 20:00","2017","01","16","20:00","3.4","","2.8","","96","","29","","7","","24.1","","101.19","","","","","","Rain"
"2017-01-16 21:00","2017","01","16","21:00","3.6","","3.2","","97","","36","","2","","24.1","","101.15","","","","","","NA"
"2017-01-16 22:00","2017","01","16","22:00","3.9","","3.5","","97","","27","","7","","19.3","","101.05","","","","","","Cloudy"
"2017-01-16 23:00","2017","01","16","23:00","3.7","","3.3","","97","","27","","6","","19.3","","100.97","","","","","","NA"
"2017-01-17 00:00","2017","01","17","00:00","4.0","","3.3","","95","","29","","12","","11.3","","100.91","","","","","","Rain"
"2017-01-17 01:00","2017","01","17","01:00","4.0","","3.3","","95","","28","","13","","24.1","","100.85","","","","","","Rain"
"2017-01-17 02:00","2017","01","17","02:00","4.0","","3.4","","96","","30","","8","","24.1","","100.80","","","","","","Rain"
"2017-01-17 03:00","2017","01","17","03:00","3.8","","3.1","","95","","27","","13","","24.1","","100.76","","","","","","Rain"
"2017-01-17 04:00","2017","01","17","04:00","3.6","","3.2","","97","","25","","11","","24.1","","100.61","","","","","","Cloudy"
"2017-01-17 05:00","2017","01","17","05:00","3.7","","3.3","","97","","25","","10","","24.1","","100.46","","","","","","Rain"
"2017-01-17 06:00","2017","01","17","06:00","3.9","","3.5","","97","","25","","7","","24.1","","100.31","","","","","","Rain"
"2017-01-17 07:00","2017","01","17","07:00","3.9","","3.6","","98","","24","","5","","24.1","","100.21","","","","","","Rain"
"2017-01-17 08:00","2017","01","17","08:00","4.0","","3.7","","98","","24","","12","","19.3","","100.14","","","","","","Rain"
"2017-01-17 09:00","2017","01","17","09:00","4.4","","4.1","","98","","25","","9","","24.1","","100.09","","","","","","Rain"
"2017-01-17 10:00","2017","01","17","10:00","5.2","","4.8","","97","","27","","11","","24.1","","100.10","","","","","","Rain"
"2017-01-17 11:00","2017","01","17","11:00","5.8","","5.2","","96","","27","","7","","24.1","","100.09","","","","","","Rain"
"2017-01-17 12:00","2017","01","17","12:00","6.6","","5.2","","91","","28","","6","","32.2","","100.01","","","","","","NA"
"2017-01-17 13:00","2017","01","17","13:00","6.8","","5.3","","90","","36","","3","","32.2","","99.88","","","","","","Rain"
"2017-01-17 14:00","2017","01","17","14:00","8.5","","6.8","","89","","10","","12","","19.3","","99.74","","","","","","Rain"
"2017-01-17 15:00","2017","01","17","15:00","8.5","","7.3","","92","","12","","28","","8.1","","99.54","","","","","","Moderate Rain,Fog"
"2017-01-17 16:00","2017","01","17","16:00","7.5","","6.5","","93","","14","","25","","6.4","","99.43","","","","","","Moderate Rain,Fog"
"2017-01-17 17:00","2017","01","17","17:00","8.1","","7.0","","93","","14","","34","","8.1","","99.28","","","","","","Rain,Fog"
"2017-01-17 18:00","2017","01","17","18:00","8.5","","7.3","","92","","14","","27","","6.4","","99.21","","","","","","Rain,Fog"
"2017-01-17 19:00","2017","01","17","19:00","8.2","","7.3","","94","","13","","25","","9.7","","99.15","","","","","","Rain,Fog"
"2017-01-17 20:00","2017","01","17","20:00","8.2","","7.1","","93","","14","","25","","19.3","","99.17","","","","","","Rain"
"2017-01-17 21:00","2017","01","17","21:00","8.2","","7.5","","95","","13","","14","","24.1","","99.16","","","","","","Rain"
"2017-01-17 22:00","2017","01","17","22:00","8.4","","7.5","","94","","14","","24","","24.1","","99.17","","","","","","Rain"
"2017-01-17 23:00","2017","01","17","23:00","8.5","","7.1","","91","","13","","17","","24.1","","99.20","","","","","","Rain"
"2017-01-18 00:00","2017","01","18","00:00","8.2","","6.8","","91","","14","","22","","32.2","","99.18","","","","","","NA"
"2017-01-18 01:00","2017","01","18","01:00","8.3","","7.1","","92","","15","","13","","32.2","","99.18","","","","","","Mostly Cloudy"
"2017-01-18 02:00","2017","01","18","02:00","8.1","","7.0","","93","","3","","4","","24.1","","99.18","","","","","","Rain"
"2017-01-18 03:00","2017","01","18","03:00","8.2","","7.1","","93","","12","","13","","24.1","","99.17","","","","","","Rain"
"2017-01-18 04:00","2017","01","18","04:00","8.2","","7.1","","93","","10","","8","","24.1","","99.07","","","","","","Cloudy"
"2017-01-18 05:00","2017","01","18","05:00","8.7","","7.5","","92","","12","","18","","24.1","","99.03","","","","","","NA"
"2017-01-18 06:00","2017","01","18","06:00","8.3","","7.7","","96","","12","","12","","19.3","","98.92","","","","","","Rain"
"2017-01-18 07:00","2017","01","18","07:00","8.7","","8.3","","97","","13","","25","","12.9","","98.83","","","","","","Rain"
"2017-01-18 08:00","2017","01","18","08:00","8.8","","8.2","","96","","15","","22","","19.3","","98.79","","","","","","Rain"
"2017-01-18 09:00","2017","01","18","09:00","8.6","","7.9","","95","","15","","29","","12.9","","98.70","","","","","","Rain"
"2017-01-18 10:00","2017","01","18","10:00","8.6","","8.0","","96","","15","","17","","12.9","","98.77","","","","","","Rain"
"2017-01-18 11:00","2017","01","18","11:00","9.5","","8.6","","94","","15","","27","","19.3","","98.77","","","","","","Rain"
"2017-01-18 12:00","2017","01","18","12:00","9.8","","9.0","","95","","15","","22","","19.3","","98.83","","","","","","Rain"
"2017-01-18 13:00","2017","01","18","13:00","10.1","","9.3","","95","","16","","21","","19.3","","98.82","","","","","","Rain"
"2017-01-18 14:00","2017","01","18","14:00","9.8","","8.9","","94","","13","","16","","19.3","","98.85","","","","","","Rain"
"2017-01-18 15:00","2017","01","18","15:00","9.6","","8.8","","95","","16","","13","","24.1","","98.83","","","","","","NA"
"2017-01-18 16:00","2017","01","18","16:00","9.6","","8.8","","95","","14","","10","","19.3","","98.77","","","","","","Rain"
"2017-01-18 17:00","2017","01","18","17:00","8.8","","8.4","","97","","8","","8","","19.3","","98.74","","","","","","Rain"
"2017-01-18 18:00","2017","01","18","18:00","8.6","","8.2","","97","","11","","13","","19.3","","98.72","","","","","","NA"
"2017-01-18 19:00","2017","01","18","19:00","8.8","","8.2","","96","","13","","10","","12.9","","98.68","","","","","","Rain"
"2017-01-18 20:00","2017","01","18","20:00","8.5","","8.1","","97","","15","","14","","12.9","","98.69","","","","","","Rain"
"2017-01-18 21:00","2017","01","18","21:00","8.2","","7.9","","98","","12","","10","","12.9","","98.67","","","","","","Rain"
"2017-01-18 22:00","2017","01","18","22:00","7.8","","7.5","","98","","29","","17","","12.9","","98.72","","","","","","Rain"
"2017-01-18 23:00","2017","01","18","23:00","7.2","","5.8","","91","","25","","14","","16.1","","98.85","","","","","","Rain"
"2017-01-19 00:00","2017","01","19","00:00","6.8","","5.3","","90","","21","","9","","32.2","","98.88","","","","","","NA"
"2017-01-19 01:00","2017","01","19","01:00","7.1","","5.4","","89","","21","","9","","32.2","","99.02","","","","","","Rain"
"2017-01-19 02:00","2017","01","19","02:00","7.1","","5.9","","92","","15","","14","","32.2","","99.16","","","","","","NA"
"2017-01-19 03:00","2017","01","19","03:00","6.8","","6.1","","95","","15","","13","","32.2","","99.23","","","","","","NA"
"2017-01-19 04:00","2017","01","19","04:00","6.9","","6.0","","94","","13","","8","","24.1","","99.26","","","","","","Rain"
"2017-01-19 05:00","2017","01","19","05:00","6.7","","6.0","","95","","9","","3","","24.1","","99.29","","","","","","Rain"
"2017-01-19 06:00","2017","01","19","06:00","6.6","","6.2","","97","","25","","4","","24.1","","99.37","","","","","","Rain"
"2017-01-19 07:00","2017","01","19","07:00","6.1","","5.8","","98","","36","","3","","24.1","","99.37","","","","","","Rain"
"2017-01-19 08:00","2017","01","19","08:00","6.5","","6.2","","98","","10","","4","","24.1","","99.41","","","","","","Rain"
"2017-01-19 09:00","2017","01","19","09:00","6.8","","6.4","","97","","14","","8","","32.2","","99.49","","","","","","Rain"
"2017-01-19 10:00","2017","01","19","10:00","7.0","","6.4","","96","","11","","10","","19.3","","99.52","","","","","","Rain"
"2017-01-19 11:00","2017","01","19","11:00","7.2","","6.6","","96","","11","","4","","24.1","","99.52","","","","","","Rain"
"2017-01-19 12:00","2017","01","19","12:00","7.3","","6.4","","94","","14","","7","","24.1","","99.49","","","","","","Rain"
"2017-01-19 13:00","2017","01","19","13:00","8.2","","6.8","","91","","7","","6","","48.3","","99.44","","","","","","Mostly Cloudy"
"2017-01-19 14:00","2017","01","19","14:00","8.7","","6.2","","84","","12","","15","","48.3","","99.41","","","","","","NA"
"2017-01-19 15:00","2017","01","19","15:00","7.5","","6.5","","93","","13","","11","","48.3","","99.41","","","","","","NA"
"2017-01-19 16:00","2017","01","19","16:00","7.7","","5.7","","87","","14","","7","","48.3","","99.41","","","","","","Cloudy"
"2017-01-19 17:00","2017","01","19","17:00","7.3","","6.3","","93","","13","","8","","19.3","","99.43","","","","","","Rain"
"2017-01-19 18:00","2017","01","19","18:00","6.9","","6.0","","94","","8","","6","","19.3","","99.42","","","","","","Rain"
"2017-01-19 19:00","2017","01","19","19:00","6.4","","6.0","","97","","13","","6","","19.3","","99.42","","","","","","Rain"
"2017-01-19 20:00","2017","01","19","20:00","6.1","","5.7","","97","","36","","1","","32.2","","99.41","","","","","","NA"
"2017-01-19 21:00","2017","01","19","21:00","4.9","","4.8","","99","","13","","3","","24.1","","99.40","","","","","","NA"
"2017-01-19 22:00","2017","01","19","22:00","6.2","","5.9","","98","","13","","9","","24.1","","99.37","","","","","","Cloudy"
"2017-01-19 23:00","2017","01","19","23:00","5.6","","5.5","","99","","30","","5","","24.1","","99.37","","","","","","Rain"
"2017-01-20 00:00","2017","01","20","00:00","4.7","","4.6","","99","","2","","5","","24.1","","99.29","","","","","","NA"
"2017-01-20 01:00","2017","01","20","01:00","3.8","","3.7","","99","","24","","8","","0.4","","99.25","","","","","","Fog"
"2017-01-20 02:00","2017","01","20","02:00","4.7","","4.7","","100","","27","","4","","1.6","","99.16","","","","","","Fog"
"2017-01-20 03:00","2017","01","20","03:00","4.9","","4.9","","100","","23","","8","","24.1","","99.11","","","","","","NA"
"2017-01-20 04:00","2017","01","20","04:00","4.8","","4.7","","99","","22","","5","","24.1","","99.02","","","","","","Cloudy"
"2017-01-20 05:00","2017","01","20","05:00","3.5","","3.4","","99","","28","","4","","24.1","","98.93","","","","","","NA"
"2017-01-20 06:00","2017","01","20","06:00","3.9","","3.8","","99","","1","","7","","32.2","","98.86","","","","","","NA"
"2017-01-20 07:00","2017","01","20","07:00","3.1","","3.0","","99","","25","","4","","48.3","","98.79","","","","","","Mostly Cloudy"
"2017-01-20 08:00","2017","01","20","08:00","3.4","","2.5","","94","","29","","8","","48.3","","98.71","","","","","","NA"
"2017-01-20 09:00","2017","01","20","09:00","3.2","","2.9","","98","","26","","5","","48.3","","98.69","","","","","","NA"
"2017-01-20 10:00","2017","01","20","10:00","5.4","","4.5","","94","","26","","7","","48.3","","98.65","","","","","","Mainly Clear"
"2017-01-20 11:00","2017","01","20","11:00","6.9","","4.6","","85","","29","","10","","48.3","","98.61","","","","","","NA"
"2017-01-20 12:00","2017","01","20","12:00","8.2","","3.9","","74","","2","","14","","48.3","","98.54","","","","","","NA"
"2017-01-20 13:00","2017","01","20","13:00","7.9","","3.6","","74","","36","","12","","48.3","","98.46","","","","","","Mostly Cloudy"
"2017-01-20 14:00","2017","01","20","14:00","7.8","","3.5","","74","","36","","11","","48.3","","98.43","","","","","","NA"
"2017-01-20 15:00","2017","01","20","15:00","7.3","","3.6","","77","","35","","9","","48.3","","98.43","","","","","","NA"
"2017-01-20 16:00","2017","01","20","16:00","7.1","","3.5","","78","","35","","8","","48.3","","98.44","","","","","","Mostly Cloudy"
"2017-01-20 17:00","2017","01","20","17:00","6.6","","3.1","","78","","33","","7","","48.3","","98.45","","","","","","NA"
"2017-01-20 18:00","2017","01","20","18:00","5.6","","3.9","","89","","28","","6","","48.3","","98.47","","","","","","NA"
"2017-01-20 19:00","2017","01","20","19:00","4.9","","3.6","","91","","26","","6","","48.3","","98.50","","","","","","Mostly Cloudy"
"2017-01-20 20:00","2017","01","20","20:00","5.6","","3.6","","87","","28","","6","","48.3","","98.55","","","","","","Rain"
"2017-01-20 21:00","2017","01","20","21:00","5.4","","3.9","","90","","29","","7","","32.2","","98.61","","","","","","Rain"
"2017-01-20 22:00","2017","01","20","22:00","5.2","","4.2","","93","","26","","7","","32.2","","98.62","","","","","","Rain"
"2017-01-20 23:00","2017","01","20","23:00","5.0","","4.3","","95","","24","","14","","48.3","","98.64","","","","","","NA"
"2017-01-21 00:00","2017","01","21","00:00","5.2","","4.3","","94","","28","","9","","32.2","","98.68","","","","","","Rain"
"2017-01-21 01:00","2017","01","21","01:00","5.2","","4.3","","94","","26","","8","","24.1","","98.72","","","","","","Rain"
"2017-01-21 02:00","2017","01","21","02:00","5.0","","4.6","","97","","26","","9","","24.1","","98.77","","","","","","Rain"
"2017-01-21 03:00","2017","01","21","03:00","5.1","","4.5","","96","","26","","6","","48.3","","98.82","","","","","","NA"
"2017-01-21 04:00","2017","01","21","04:00","4.8","","4.4","","97","","26","","6","","48.3","","98.84","","","","","","Cloudy"
"2017-01-21 05:00","2017","01","21","05:00","4.4","","4.0","","97","","27","","7","","48.3","","98.87","","","","","","NA"
"2017-01-21 06:00","2017","01","21","06:00","4.7","","4.4","","98","","26","","8","","48.3","","98.92","","","","","","NA"
"2017-01-21 07:00","2017","01","21","07:00","4.7","","4.3","","97","","26","","7","","48.3","","98.97","","","","","","Mostly Cloudy"
"2017-01-21 08:00","2017","01","21","08:00","4.7","","4.4","","98","","32","","4","","48.3","","99.02","","","","","","NA"
"2017-01-21 09:00","2017","01","21","09:00","4.9","","4.6","","98","","27","","7","","48.3","","99.09","","","","","","NA"
"2017-01-21 10:00","2017","01","21","10:00","5.9","","5.2","","95","","28","","9","","48.3","","99.17","","","","","","Mostly Cloudy"
"2017-01-21 11:00","2017","01","21","11:00","6.9","","5.4","","90","","26","","9","","48.3","","99.23","","","","","","NA"
"2017-01-21 12:00","2017","01","21","12:00","7.5","","5.2","","85","","30","","6","","48.3","","99.28","","","","","","NA"
"2017-01-21 13:00","2017","01","21","13:00","9.7","","5.3","","74","","11","","13","","48.3","","99.30","","","","","","Mostly Cloudy"
"2017-01-21 14:00","2017","01","21","14:00","9.2","","4.6","","73","","9","","10","","48.3","","99.32","","","","","","NA"
"2017-01-21 15:00","2017","01","21","15:00","8.6","","4.6","","76","","5","","10","","48.3","","99.40","","","","","","NA"
"2017-01-21 16:00","2017","01","21","16:00","8.0","","4.8","","80","","4","","9","","48.3","","99.46","","","","","","Mostly Cloudy"
"2017-01-21 17:00","2017","01","21","17:00","7.4","","4.7","","83","","27","","3","","48.3","","99.53","","","","","","NA"
"2017-01-21 18:00","2017","01","21","18:00","3.8","","3.1","","95","","24","","9","","48.3","","99.61","","","","","","NA"
"2017-01-21 19:00","2017","01","21","19:00","3.4","","3.0","","97","","23","","10","","48.3","","99.68","","","","","","Mainly Clear"
"2017-01-21 20:00","2017","01","21","20:00","3.9","","3.6","","98","","25","","5","","48.3","","99.77","","","","","","NA"
"2017-01-21 21:00","2017","01","21","21:00","4.6","","4.3","","98","","25","","8","","24.1","","99.84","","","","","","NA"
"2017-01-21 22:00","2017","01","21","22:00","3.0","","2.7","","98","","0","","1","","24.1","","99.85","","","","","","Mainly Clear"
"2017-01-21 23:00","2017","01","21","23:00","7.1","","4.6","","84","","12","","21","","24.1","","99.87","","","","","","NA"
"2017-01-22 00:00","2017","01","22","00:00","7.0","","5.0","","87","","14","","28","","19.3","","99.94","","","","","","NA"
"2017-01-22 01:00","2017","01","22","01:00","7.3","","5.3","","87","","11","","17","","19.3","","99.88","","","","","","Cloudy"
"2017-01-22 02:00","2017","01","22","02:00","7.5","","5.0","","84","","11","","13","","19.3","","99.82","","","","","","NA"
"2017-01-22 03:00","2017","01","22","03:00","7.5","","5.0","","84","","10","","15","","19.3","","99.80","","","","","","NA"
"2017-01-22 04:00","2017","01","22","04:00","6.8","","4.5","","85","","7","","16","","24.1","","99.71","","","","","","Mostly Cloudy"
"2017-01-22 05:00","2017","01","22","05:00","6.3","","3.8","","84","","5","","18","","48.3","","99.58","","","","","","NA"
"2017-01-22 06:00","2017","01","22","06:00","6.0","","3.0","","81","","5","","12","","48.3","","99.51","","","","","","NA"
"2017-01-22 07:00","2017","01","22","07:00","5.6","","2.8","","82","","4","","13","","48.3","","99.45","","","","","","Mostly Cloudy"
"2017-01-22 08:00","2017","01","22","08:00","5.5","","2.9","","83","","4","","9","","48.3","","99.41","","","","","","NA"
"2017-01-22 09:00","2017","01","22","09:00","6.7","","2.2","","73","","4","","5","","48.3","","99.47","","","","","","NA"
"2017-01-22 10:00","2017","01","22","10:00","6.1","","2.9","","80","","20","","6","","48.3","","99.57","","","","","","Mostly Cloudy"
"2017-01-22 11:00","2017","01","22","11:00","6.8","","4.6","","86","","12","","6","","48.3","","99.64","","","","","","Rain"
"2017-01-22 12:00","2017","01","22","12:00","7.1","","4.4","","83","","13","","13","","48.3","","99.67","","","","","","NA"
"2017-01-22 13:00","2017","01","22","13:00","7.5","","4.8","","83","","14","","14","","48.3","","99.66","","","","","","Cloudy"
"2017-01-22 14:00","2017","01","22","14:00","7.4","","4.9","","84","","15","","16","","48.3","","99.72","","","","","","NA"
"2017-01-22 15:00","2017","01","22","15:00","6.4","","5.2","","92","","21","","7","","48.3","","99.78","","","","","","NA"
"2017-01-22 16:00","2017","01","22","16:00","7.0","","5.2","","88","","9","","13","","48.3","","99.79","","","","","","Cloudy"
"2017-01-22 17:00","2017","01","22","17:00","7.2","","4.5","","83","","7","","11","","48.3","","99.86","","","","","","NA"
"2017-01-22 18:00","2017","01","22","18:00","6.5","","4.5","","87","","7","","8","","48.3","","99.88","","","","","","NA"
"2017-01-22 19:00","2017","01","22","19:00","7.1","","4.4","","83","","7","","13","","48.3","","99.91","","","","","","Cloudy"
"2017-01-22 20:00","2017","01","22","20:00","5.8","","3.2","","83","","7","","9","","32.2","","99.95","","","","","","NA"
"2017-01-22 21:00","2017","01","22","21:00","4.9","","3.1","","88","","2","","12","","32.2","","99.99","","","","","","NA"
"2017-01-22 22:00","2017","01","22","22:00","4.5","","3.5","","93","","2","","13","","32.2","","100.04","","","","","","Mainly Clear"
"2017-01-22 23:00","2017","01","22","23:00","2.2","","1.8","","97","","29","","4","","32.2","","100.08","","","","","","NA"
"2017-01-23 00:00","2017","01","23","00:00","2.0","","1.7","","98","","36","","3","","32.2","","100.12","","","","","","NA"
"2017-01-23 01:00","2017","01","23","01:00","1.2","","1.1","","99","","28","","4","","32.2","","100.15","","","","","","Mostly Cloudy"
"2017-01-23 02:00","2017","01","23","02:00","2.4","","2.3","","99","","28","","8","","32.2","","100.20","","","","","","NA"
"2017-01-23 03:00","2017","01","23","03:00","1.2","","1.1","","99","","26","","11","","32.2","","100.28","","","","","","NA"
"2017-01-23 04:00","2017","01","23","04:00","1.5","","1.4","","99","","27","","7","","32.2","","100.35","","","","","","Mainly Clear"
"2017-01-23 05:00","2017","01","23","05:00","1.5","","1.4","","99","","25","","8","","32.2","","100.44","","","","","","NA"
"2017-01-23 06:00","2017","01","23","06:00","2.0","","1.9","","99","","26","","7","","32.2","","100.49","","","","","","NA"
"2017-01-23 07:00","2017","01","23","07:00","2.0","","1.9","","99","","26","","7","","32.2","","100.58","","","","","","Mainly Clear"
"2017-01-23 08:00","2017","01","23","08:00","1.1","","1.0","","99","","26","","8","","24.1","","100.66","","","","","","NA"
"2017-01-23 09:00","2017","01","23","09:00","1.8","","1.7","","99","","27","","7","","24.1","","100.74","","","","","","NA"
"2017-01-23 10:00","2017","01","23","10:00","2.6","","2.3","","98","","29","","5","","32.2","","100.82","","","","","","Mostly Cloudy"
"2017-01-23 11:00","2017","01","23","11:00","5.5","","3.7","","88","","28","","10","","32.2","","100.88","","","","","","NA"
"2017-01-23 12:00","2017","01","23","12:00","6.6","","3.9","","83","","29","","10","","32.2","","100.87","","","","","","NA"
"2017-01-23 13:00","2017","01","23","13:00","7.6","","3.5","","75","","29","","6","","32.2","","100.92","","","","","","Clear"
"2017-01-23 14:00","2017","01","23","14:00","8.4","","3.7","","72","","26","","5","","32.2","","100.92","","","","","","NA"
"2017-01-23 15:00","2017","01","23","15:00","8.2","","4.2","","76","","10","","4","","32.2","","100.95","","","","","","NA"
"2017-01-23 16:00","2017","01","23","16:00","7.5","","4.3","","80","","9","","8","","32.2","","101.02","","","","","","Mainly Clear"
"2017-01-23 17:00","2017","01","23","17:00","6.3","","4.1","","86","","9","","5","","32.2","","101.07","","","","","","NA"
"2017-01-23 18:00","2017","01","23","18:00","1.8","","1.1","","95","","21","","4","","32.2","","101.13","","","","","","NA"
"2017-01-23 19:00","2017","01","23","19:00","1.7","","1.1","","96","","27","","7","","32.2","","101.15","","","","","","Clear"
"2017-01-23 20:00","2017","01","23","20:00","1.5","","0.9","","96","","27","","8","","32.2","","101.21","","","","","","NA"
"2017-01-23 21:00","2017","01","23","21:00","0.9","","0.6","","98","","25","","10","","32.2","","101.24","","","","","","NA"
"2017-01-23 22:00","2017","01","23","22:00","1.9","","1.6","","98","","26","","13","","32.2","","101.30","","","","","","Clear"
"2017-01-23 23:00","2017","01","23","23:00","1.6","","1.0","","96","","26","","8","","32.2","","101.39","","","","","","NA"
"2017-01-24 00:00","2017","01","24","00:00","0.6","","0.0","","96","","23","","11","","32.2","","101.44","","","","","","NA"
"2017-01-24 01:00","2017","01","24","01:00","-0.5","","-1.1","","96","","28","","8","","32.2","","101.43","","","","-3","","Clear"
"2017-01-24 02:00","2017","01","24","02:00","0.5","","0.2","","98","","25","","10","","32.2","","101.49","","","","","","NA"
"2017-01-24 03:00","2017","01","24","03:00","-1.3","","-1.6","","98","","27","","7","","32.2","","101.52","","","","-4","","NA"
"2017-01-24 04:00","2017","01","24","04:00","-0.8","","-1.1","","98","","24","","10","","32.2","","101.56","","","","-4","","Clear"
"2017-01-24 05:00","2017","01","24","05:00","-1.1","","-1.4","","98","","26","","9","","32.2","","101.62","","","","-4","","NA"
"2017-01-24 06:00","2017","01","24","06:00","-1.4","","-1.7","","98","","24","","9","","32.2","","101.64","","","","-5","","NA"
"2017-01-24 07:00","2017","01","24","07:00","0.4","","0.3","","99","","23","","7","","32.2","","101.67","","","","","","Mostly Cloudy"
"2017-01-24 08:00","2017","01","24","08:00","0.4","","0.1","","98","","23","","9","","32.2","","101.71","","","","","","NA"
"2017-01-24 09:00","2017","01","24","09:00","0.7","","0.4","","98","","25","","9","","24.1","","101.76","","","","","","NA"
"2017-01-24 10:00","2017","01","24","10:00","2.0","","1.6","","97","","25","","7","","24.1","","101.81","","","","","","Mostly Cloudy"
"2017-01-24 11:00","2017","01","24","11:00","3.1","","1.9","","92","","28","","8","","32.2","","101.87","","","","","","NA"
"2017-01-24 12:00","2017","01","24","12:00","4.0","","2.5","","90","","28","","6","","32.2","","101.87","","","","","","NA"
"2017-01-24 13:00","2017","01","24","13:00","4.7","","2.6","","86","","28","","4","","32.2","","101.83","","","","","","Mostly Cloudy"
"2017-01-24 14:00","2017","01","24","14:00","5.6","","2.8","","82","","30","","4","","32.2","","101.83","","","","","","NA"
"2017-01-24 15:00","2017","01","24","15:00","5.4","","2.6","","82","","29","","3","","32.2","","101.86","","","","","","NA"
"2017-01-24 16:00","2017","01","24","16:00","5.8","","2.6","","80","","8","","7","","32.2","","101.89","","","","","","Mostly Cloudy"
"2017-01-24 17:00","2017","01","24","17:00","5.6","","2.8","","82","","8","","4","","32.2","","101.93","","","","","","NA"
"2017-01-24 18:00","2017","01","24","18:00","5.4","","3.1","","85","","11","","4","","32.2","","101.94","","","","","","NA"
"2017-01-24 19:00","2017","01","24","19:00","5.2","","3.2","","87","","9","","5","","32.2","","101.96","","","","","","Cloudy"
"2017-01-24 20:00","2017","01","24","20:00","4.0","","3.0","","93","","28","","3","","32.2","","101.99","","","","","","NA"
"2017-01-24 21:00","2017","01","24","21:00","3.9","","2.9","","93","","30","","5","","32.2","","102.01","","","","","","NA"
"2017-01-24 22:00","2017","01","24","22:00","3.6","","2.9","","95","","28","","7","","32.2","","102.05","","","","","","Cloudy"
"2017-01-24 23:00","2017","01","24","23:00","3.3","","2.6","","95","","24","","9","","32.2","","102.04","","","","","","NA"
"2017-01-25 00:00","2017","01","25","00:00","3.1","","2.2","","94","","25","","5","","32.2","","102.03","","","","","","NA"
"2017-01-25 01:00","2017","01","25","01:00","3.0","","2.4","","96","","25","","8","","32.2","","102.06","","","","","","Cloudy"
"2017-01-25 02:00","2017","01","25","02:00","2.8","","2.1","","95","","23","","7","","32.2","","102.11","","","","","","NA"
"2017-01-25 03:00","2017","01","25","03:00","3.0","","2.4","","96","","25","","7","","32.2","","102.13","","","","","","NA"
"2017-01-25 04:00","2017","01","25","04:00","2.9","","2.2","","95","","26","","6","","32.2","","102.11","","","","","","Cloudy"
"2017-01-25 05:00","2017","01","25","05:00","2.8","","2.1","","95","","27","","7","","32.2","","102.11","","","","","","NA"
"2017-01-25 06:00","2017","01","25","06:00","3.0","","2.3","","95","","24","","8","","32.2","","102.13","","","","","","NA"
"2017-01-25 07:00","2017","01","25","07:00","3.0","","2.4","","96","","27","","4","","32.2","","102.16","","","","","","Mostly Cloudy"
"2017-01-25 08:00","2017","01","25","08:00","3.1","","2.4","","95","","25","","9","","19.3","","102.19","","","","","","NA"
"2017-01-25 09:00","2017","01","25","09:00","3.6","","2.7","","94","","24","","7","","19.3","","102.23","","","","","","NA"
"2017-01-25 10:00","2017","01","25","10:00","4.3","","2.8","","90","","27","","3","","19.3","","102.26","","","","","","Cloudy"
"2017-01-25 11:00","2017","01","25","11:00","4.8","","3.2","","89","","29","","6","","19.3","","102.29","","","","","","NA"
"2017-01-25 12:00","2017","01","25","12:00","5.2","","3.2","","87","","29","","9","","19.3","","102.28","","","","","","NA"
"2017-01-25 13:00","2017","01","25","13:00","6.3","","4.0","","85","","36","","2","","24.1","","102.27","","","","","","Cloudy"
"2017-01-25 14:00","2017","01","25","14:00","6.6","","3.6","","81","","6","","6","","32.2","","102.27","","","","","","NA"
"2017-01-25 15:00","2017","01","25","15:00","6.4","","3.6","","82","","9","","8","","19.3","","102.29","","","","","","NA"
"2017-01-25 16:00","2017","01","25","16:00","6.3","","3.3","","81","","15","","5","","32.2","","102.31","","","","","","Cloudy"
"2017-01-25 17:00","2017","01","25","17:00","6.2","","3.5","","83","","13","","6","","32.2","","102.36","","","","","","NA"
"2017-01-25 18:00","2017","01","25","18:00","5.8","","3.5","","85","","13","","5","","24.1","","102.37","","","","","","NA"
"2017-01-25 19:00","2017","01","25","19:00","5.3","","3.5","","88","","27","","3","","24.1","","102.42","","","","","","Cloudy"
"2017-01-25 20:00","2017","01","25","20:00","4.8","","3.5","","91","","25","","3","","24.1","","102.46","","","","","","NA"
"2017-01-25 21:00","2017","01","25","21:00","4.5","","3.6","","94","","26","","5","","48.3","","102.47","","","","","","NA"
"2017-01-25 22:00","2017","01","25","22:00","4.5","","3.6","","94","","26","","3","","48.3","","102.52","","","","","","Mostly Cloudy"
"2017-01-25 23:00","2017","01","25","23:00","4.6","","3.7","","94","","25","","5","","48.3","","102.59","","","","","","NA"
"2017-01-26 00:00","2017","01","26","00:00","4.5","","3.6","","94","","26","","4","","32.2","","102.62","","","","","","NA"
"2017-01-26 01:00","2017","01","26","01:00","4.6","","3.7","","94","","27","","3","","32.2","","102.63","","","","","","Cloudy"
"2017-01-26 02:00","2017","01","26","02:00","4.2","","3.5","","95","","24","","7","","32.2","","102.69","","","","","","NA"
"2017-01-26 03:00","2017","01","26","03:00","3.6","","2.7","","94","","22","","4","","32.2","","102.73","","","","","","NA"
"2017-01-26 04:00","2017","01","26","04:00","1.2","","0.8","","97","","23","","8","","24.1","","102.76","","","","","","Mostly Cloudy"
"2017-01-26 05:00","2017","01","26","05:00","2.9","","2.6","","98","","27","","5","","24.1","","102.82","","","","","","NA"
"2017-01-26 06:00","2017","01","26","06:00","3.0","","2.7","","98","","23","","8","","32.2","","102.86","","","","","","NA"
"2017-01-26 07:00","2017","01","26","07:00","3.7","","2.8","","94","","28","","5","","32.2","","102.95","","","","","","Mostly Cloudy"
"2017-01-26 08:00","2017","01","26","08:00","3.5","","2.8","","95","","24","","8","","24.1","","102.97","","","","","","NA"
"2017-01-26 09:00","2017","01","26","09:00","4.0","","2.7","","91","","28","","8","","48.3","","103.04","","","","","","NA"
"2017-01-26 10:00","2017","01","26","10:00","4.3","","2.8","","90","","27","","5","","48.3","","103.11","","","","","","Cloudy"
"2017-01-26 11:00","2017","01","26","11:00","4.9","","3.1","","88","","29","","8","","48.3","","103.19","","","","","","NA"
"2017-01-26 12:00","2017","01","26","12:00","5.8","","3.5","","85","","36","","3","","48.3","","103.14","","","","","","NA"
"2017-01-26 13:00","2017","01","26","13:00","6.8","","3.8","","81","","1","","6","","48.3","","103.12","","","","","","Mostly Cloudy"
"2017-01-26 14:00","2017","01","26","14:00","7.0","","3.8","","80","","30","","6","","48.3","","103.13","","","","","","NA"
"2017-01-26 15:00","2017","01","26","15:00","6.7","","3.5","","80","","29","","4","","48.3","","103.16","","","","","","NA"
"2017-01-26 16:00","2017","01","26","16:00","6.4","","3.6","","82","","29","","4","","48.3","","103.21","","","","","","Cloudy"
"2017-01-26 17:00","2017","01","26","17:00","6.3","","3.6","","83","","2","","4","","48.3","","103.24","","","","","","NA"
"2017-01-26 18:00","2017","01","26","18:00","6.1","","3.6","","84","","36","","3","","48.3","","103.24","","","","","","NA"
"2017-01-26 19:00","2017","01","26","19:00","5.1","","3.6","","90","","0","","1","","48.3","","103.22","","","","","","Mostly Cloudy"
"2017-01-26 20:00","2017","01","26","20:00","3.8","","3.2","","96","","27","","4","","48.3","","103.27","","","","","","NA"
"2017-01-26 21:00","2017","01","26","21:00","2.6","","2.0","","96","","24","","4","","32.2","","103.31","","","","","","NA"
"2017-01-26 22:00","2017","01","26","22:00","1.2","","0.6","","96","","26","","4","","32.2","","103.34","","","","","","Mostly Cloudy"
"2017-01-26 23:00","2017","01","26","23:00","2.9","","2.6","","98","","29","","6","","32.2","","103.35","","","","","","NA"
"2017-01-27 00:00","2017","01","27","00:00","3.5","","3.1","","97","","25","","5","","32.2","","103.36","","","","","","NA"
"2017-01-27 01:00","2017","01","27","01:00","1.9","","1.5","","97","","26","","7","","32.2","","103.33","","","","","","Mostly Cloudy"
"2017-01-27 02:00","2017","01","27","02:00","4.0","","3.7","","98","","27","","7","","32.2","","103.42","","","","","","NA"
"2017-01-27 03:00","2017","01","27","03:00","4.0","","3.6","","97","","24","","4","","32.2","","103.44","","","","","","NA"
"2017-01-27 04:00","2017","01","27","04:00","3.5","","3.2","","98","","26","","7","","32.2","","103.46","","","","","","Cloudy"
"2017-01-27 05:00","2017","01","27","05:00","1.9","","1.6","","98","","26","","4","","32.2","","103.42","","","","","","NA"
"2017-01-27 06:00","2017","01","27","06:00","2.9","","2.8","","99","","27","","8","","24.1","","103.46","","","","","","NA"
"2017-01-27 07:00","2017","01","27","07:00","3.8","","3.5","","98","","24","","5","","24.1","","103.47","","","","","","Cloudy"
"2017-01-27 08:00","2017","01","27","08:00","4.1","","3.7","","97","","27","","4","","48.3","","103.51","","","","","","NA"
"2017-01-27 09:00","2017","01","27","09:00","4.5","","3.8","","95","","28","","9","","48.3","","103.58","","","","","","NA"
"2017-01-27 10:00","2017","01","27","10:00","5.3","","4.0","","91","","36","","2","","48.3","","103.62","","","","","","Cloudy"
"2017-01-27 11:00","2017","01","27","11:00","6.3","","4.3","","87","","8","","4","","48.3","","103.59","","","","","","NA"
"2017-01-27 12:00","2017","01","27","12:00","7.0","","3.8","","80","","15","","4","","48.3","","103.56","","","","","","NA"
"2017-01-27 13:00","2017","01","27","13:00","6.6","","4.3","","85","","29","","8","","48.3","","103.54","","","","","","Mostly Cloudy"
"2017-01-27 14:00","2017","01","27","14:00","7.5","","3.0","","73","","36","","2","","48.3","","103.51","","","","","","NA"
"2017-01-27 15:00","2017","01","27","15:00","7.6","","2.9","","72","","11","","6","","48.3","","103.45","","","","","","NA"
"2017-01-27 16:00","2017","01","27","16:00","6.9","","3.9","","81","","29","","5","","48.3","","103.46","","","","","","Mostly Cloudy"
"2017-01-27 17:00","2017","01","27","17:00","6.5","","3.5","","81","","36","","3","","48.3","","103.44","","","","","","NA"
"2017-01-27 18:00","2017","01","27","18:00","5.3","","3.3","","87","","26","","5","","48.3","","103.43","","","","","","NA"
"2017-01-27 19:00","2017","01","27","19:00","5.2","","3.5","","89","","28","","11","","48.3","","103.43","","","","","","Mostly Cloudy"
"2017-01-27 20:00","2017","01","27","20:00","4.9","","3.4","","90","","24","","9","","48.3","","103.37","","","","","","NA"
"2017-01-27 21:00","2017","01","27","21:00","4.9","","3.6","","91","","26","","9","","48.3","","103.41","","","","","","NA"
"2017-01-27 22:00","2017","01","27","22:00","3.8","","2.9","","94","","24","","10","","48.3","","103.41","","","","","","Mainly Clear"
"2017-01-27 23:00","2017","01","27","23:00","2.4","","2.0","","97","","26","","13","","48.3","","103.41","","","","","","NA"
"2017-01-28 00:00","2017","01","28","00:00","2.4","","1.8","","96","","25","","10","","48.3","","103.43","","","","","","NA"
"2017-01-28 01:00","2017","01","28","01:00","2.3","","1.9","","97","","27","","7","","48.3","","103.37","","","","","","Mainly Clear"
"2017-01-28 02:00","2017","01","28","02:00","0.9","","0.6","","98","","27","","9","","48.3","","103.43","","","","","","NA"
"2017-01-28 03:00","2017","01","28","03:00","2.5","","2.2","","98","","26","","7","","48.3","","103.45","","","","","","NA"
"2017-01-28 04:00","2017","01","28","04:00","2.7","","2.1","","96","","26","","8","","48.3","","103.42","","","","","","Mostly Cloudy"
"2017-01-28 05:00","2017","01","28","05:00","1.6","","1.0","","96","","25","","8","","48.3","","103.39","","","","","","NA"
"2017-01-28 06:00","2017","01","28","06:00","1.4","","0.8","","96","","25","","8","","48.3","","103.32","","","","","","NA"
"2017-01-28 07:00","2017","01","28","07:00","2.0","","1.4","","96","","26","","5","","48.3","","103.28","","","","","","Mostly Cloudy"
"2017-01-28 08:00","2017","01","28","08:00","1.0","","0.6","","97","","26","","5","","48.3","","103.31","","","","","","NA"
"2017-01-28 09:00","2017","01","28","09:00","1.8","","1.2","","96","","25","","8","","48.3","","103.35","","","","","","NA"
"2017-01-28 10:00","2017","01","28","10:00","2.8","","2.1","","95","","24","","6","","48.3","","103.35","","","","","","Mostly Cloudy"
"2017-01-28 11:00","2017","01","28","11:00","3.9","","2.7","","92","","27","","4","","48.3","","103.36","","","","","","NA"
"2017-01-28 12:00","2017","01","28","12:00","5.9","","3.4","","84","","29","","13","","48.3","","103.35","","","","","","NA"
"2017-01-28 13:00","2017","01","28","13:00","6.3","","3.1","","80","","36","","1","","48.3","","103.24","","","","","","Mostly Cloudy"
"2017-01-28 14:00","2017","01","28","14:00","7.3","","3.0","","74","","7","","3","","48.3","","103.19","","","","","","NA"
"2017-01-28 15:00","2017","01","28","15:00","7.2","","2.5","","72","","9","","6","","48.3","","103.13","","","","","","NA"
"2017-01-28 16:00","2017","01","28","16:00","6.7","","2.4","","74","","36","","2","","48.3","","103.09","","","","","","Mostly Cloudy"
"2017-01-28 17:00","2017","01","28","17:00","4.4","","2.1","","85","","29","","3","","48.3","","103.04","","","","","","NA"
"2017-01-28 18:00","2017","01","28","18:00","2.8","","1.6","","92","","25","","6","","48.3","","103.01","","","","","","NA"
"2017-01-28 19:00","2017","01","28","19:00","1.7","","0.8","","94","","28","","3","","48.3","","102.99","","","","","","Mostly Cloudy"
"2017-01-28 20:00","2017","01","28","20:00","1.1","","0.2","","94","","24","","7","","48.3","","102.98","","","","","","NA"
"2017-01-28 21:00","2017","01","28","21:00","0.9","","0.2","","95","","27","","8","","48.3","","102.97","","","","","","NA"
"2017-01-28 22:00","2017","01","28","22:00","1.4","","0.8","","96","","25","","9","","48.3","","102.94","","","","","","Mostly Cloudy"
"2017-01-28 23:00","2017","01","28","23:00","1.7","","1.1","","96","","24","","5","","48.3","","102.91","","","","","","NA"
"2017-01-29 00:00","2017","01","29","00:00","1.5","","1.1","","97","","28","","9","","48.3","","102.86","","","","","","NA"
"2017-01-29 01:00","2017","01","29","01:00","1.5","","1.1","","97","","25","","9","","24.1","","102.80","","","","","","Mostly Cloudy"
"2017-01-29 02:00","2017","01","29","02:00","1.3","","0.7","","96","","23","","10","","48.3","","102.76","","","","","","NA"
"2017-01-29 03:00","2017","01","29","03:00","0.8","","0.2","","96","","24","","4","","48.3","","102.67","","","","","","NA"
"2017-01-29 04:00","2017","01","29","04:00","0.5","","0.1","","97","","27","","3","","48.3","","102.63","","","","","","Mainly Clear"
"2017-01-29 05:00","2017","01","29","05:00","1.2","","0.8","","97","","9","","4","","48.3","","102.52","","","","","","NA"
"2017-01-29 06:00","2017","01","29","06:00","1.4","","1.0","","97","","36","","1","","24.1","","102.52","","","","","","NA"
"2017-01-29 07:00","2017","01","29","07:00","2.3","","1.4","","94","","8","","3","","24.1","","102.47","","","","","","Mostly Cloudy"
"2017-01-29 08:00","2017","01","29","08:00","4.8","","3.3","","90","","15","","15","","32.2","","102.45","","","","","","NA"
"2017-01-29 09:00","2017","01","29","09:00","5.6","","4.3","","91","","13","","9","","48.3","","102.42","","","","","","NA"
"2017-01-29 10:00","2017","01","29","10:00","6.5","","4.5","","87","","13","","18","","48.3","","102.38","","","","","","Mostly Cloudy"
"2017-01-29 11:00","2017","01","29","11:00","6.8","","4.6","","86","","15","","22","","19.3","","102.45","","","","","","Rain"
"2017-01-29 12:00","2017","01","29","12:00","7.0","","5.6","","91","","16","","22","","32.2","","102.38","","","","","","Rain"
"2017-01-29 13:00","2017","01","29","13:00","7.4","","5.7","","89","","12","","22","","32.2","","102.36","","","","","","Rain"
"2017-01-29 14:00","2017","01","29","14:00","7.7","","5.5","","86","","16","","29","","32.2","","102.32","","","","","","Rain"
"2017-01-29 15:00","2017","01","29","15:00","8.7","","6.2","","84","","16","","18","","48.3","","102.40","","","","","","NA"
"2017-01-29 16:00","2017","01","29","16:00","10.2","","5.8","","74","","12","","7","","48.3","","102.53","","","","","","Mostly Cloudy"
"2017-01-29 17:00","2017","01","29","17:00","9.1","","5.9","","80","","20","","9","","48.3","","102.59","","","","","","NA"
"2017-01-29 18:00","2017","01","29","18:00","8.7","","4.2","","73","","24","","21","","48.3","","102.62","","","","","","NA"
"2017-01-29 19:00","2017","01","29","19:00","8.3","","3.8","","73","","24","","13","","48.3","","102.64","","","","","","Mainly Clear"
"2017-01-29 20:00","2017","01","29","20:00","6.3","","3.8","","84","","23","","17","","48.3","","102.68","","","","","","NA"
"2017-01-29 21:00","2017","01","29","21:00","6.7","","3.3","","79","","25","","15","","32.2","","102.78","","","","","","NA"
"2017-01-29 22:00","2017","01","29","22:00","4.1","","2.5","","89","","1","","5","","32.2","","102.86","","","","","","Mainly Clear"
"2017-01-29 23:00","2017","01","29","23:00","1.5","","0.8","","95","","23","","7","","32.2","","102.87","","","","","","NA"
"2017-01-30 00:00","2017","01","30","00:00","1.3","","0.9","","97","","25","","9","","32.2","","102.86","","","","","","NA"
"2017-01-30 01:00","2017","01","30","01:00","1.8","","0.6","","92","","30","","12","","32.2","","102.84","","","","","","Mainly Clear"
"2017-01-30 02:00","2017","01","30","02:00","2.1","","1.5","","96","","25","","10","","32.2","","102.84","","","","","","NA"
"2017-01-30 03:00","2017","01","30","03:00","2.4","","1.7","","95","","25","","10","","32.2","","102.81","","","","","","NA"
"2017-01-30 04:00","2017","01","30","04:00","1.9","","1.0","","94","","26","","10","","32.2","","102.79","","","","","","Mostly Cloudy"
"2017-01-30 05:00","2017","01","30","05:00","1.5","","0.8","","95","","26","","8","","32.2","","102.79","","","","","","NA"
"2017-01-30 06:00","2017","01","30","06:00","1.8","","0.9","","94","","25","","9","","32.2","","102.78","","","","","","NA"
"2017-01-30 07:00","2017","01","30","07:00","1.3","","0.4","","94","","25","","6","","32.2","","102.79","","","","","","Mostly Cloudy"
"2017-01-30 08:00","2017","01","30","08:00","1.3","","0.7","","96","","29","","9","","48.3","","102.76","","","","","","NA"
"2017-01-30 09:00","2017","01","30","09:00","1.3","","0.9","","97","","23","","8","","32.2","","102.76","","","","","","NA"
"2017-01-30 10:00","2017","01","30","10:00","3.0","","1.8","","92","","25","","7","","32.2","","102.75","","","","","","Mostly Cloudy"
"2017-01-30 11:00","2017","01","30","11:00","4.5","","2.0","","84","","26","","7","","32.2","","102.74","","","","","","NA"
"2017-01-30 12:00","2017","01","30","12:00","5.4","","0.6","","71","","23","","6","","32.2","","102.71","","","","","","NA"
"2017-01-30 13:00","2017","01","30","13:00","5.7","","0.3","","68","","36","","3","","32.2","","102.67","","","","","","Cloudy"
"2017-01-30 14:00","2017","01","30","14:00","5.9","","0.9","","70","","35","","5","","32.2","","102.61","","","","","","NA"
"2017-01-30 15:00","2017","01","30","15:00","6.0","","0.6","","68","","1","","13","","32.2","","102.50","","","","","","NA"
"2017-01-30 16:00","2017","01","30","16:00","5.2","","0.2","","70","","36","","15","","32.2","","102.47","","","","","","Cloudy"
"2017-01-30 17:00","2017","01","30","17:00","4.8","","0.2","","72","","35","","12","","32.2","","102.41","","","","","","NA"
"2017-01-30 18:00","2017","01","30","18:00","4.4","","0.6","","76","","34","","6","","32.2","","102.33","","","","","","NA"
"2017-01-30 19:00","2017","01","30","19:00","3.8","","0.3","","78","","36","","3","","32.2","","102.32","","","","","","Cloudy"
"2017-01-30 20:00","2017","01","30","20:00","4.1","","0.4","","77","","31","","5","","32.2","","102.29","","","","","","NA"
"2017-01-30 21:00","2017","01","30","21:00","3.9","","0.4","","78","","32","","9","","32.2","","102.27","","","","","","NA"
"2017-01-30 22:00","2017","01","30","22:00","4.1","","-0.1","","74","","31","","9","","32.2","","102.27","","","","","","Cloudy"
"2017-01-30 23:00","2017","01","30","23:00","3.9","","-1.9","","66","","30","","13","","32.2","","102.25","","","","","","NA"
"2017-01-31 00:00","2017","01","31","00:00","3.8","","-1.4","","69","","28","","18","","32.2","","102.25","","","","","","NA"
"2017-01-31 01:00","2017","01","31","01:00","3.0","","-3.2","","64","","29","","19","","32.2","","102.22","","","","","","Mainly Clear"
"2017-01-31 02:00","2017","01","31","02:00","3.2","","-3.8","","60","","29","","24","","32.2","","102.29","","","","","","NA"
"2017-01-31 03:00","2017","01","31","03:00","1.8","","-3.3","","69","","25","","11","","32.2","","102.29","","","","","","NA"
"2017-01-31 04:00","2017","01","31","04:00","2.1","","-3.8","","65","","25","","16","","32.2","","102.28","","","","","","Clear"
"2017-01-31 05:00","2017","01","31","05:00","2.3","","-4.5","","61","","27","","18","","32.2","","102.26","","","","","","NA"
"2017-01-31 06:00","2017","01","31","06:00","2.0","","-5.9","","56","","32","","16","","32.2","","102.31","","","","","","NA"
"2017-01-31 07:00","2017","01","31","07:00","1.0","","-3.9","","70","","23","","12","","32.2","","102.37","","","","","","Clear"
"2017-01-31 08:00","2017","01","31","08:00","1.5","","-3.8","","68","","32","","18","","48.3","","102.37","","","","","","NA"
"2017-01-31 09:00","2017","01","31","09:00","2.8","","-3.1","","65","","32","","12","","48.3","","102.41","","","","","","NA"
"2017-01-31 10:00","2017","01","31","10:00","4.5","","-2.4","","61","","34","","7","","48.3","","102.46","","","","","","Clear"
"2017-01-31 11:00","2017","01","31","11:00","5.0","","-3.5","","54","","34","","17","","48.3","","102.48","","","","","","NA"
"2017-01-31 12:00","2017","01","31","12:00","5.5","","-4.4","","49","","36","","20","","48.3","","102.44","","","","","","NA"
"2017-01-31 13:00","2017","01","31","13:00","5.5","","-7.1","","40","","36","","20","","48.3","","102.46","","","","","","Clear"
"2017-01-31 14:00","2017","01","31","14:00","5.8","","-6.5","","41","","1","","23","","48.3","","102.44","","","","","","NA"
"2017-01-31 15:00","2017","01","31","15:00","5.5","","-8.4","","36","","35","","19","","48.3","","102.43","","","","","","NA"
"2017-01-31 16:00","2017","01","31","16:00","5.1","","-7.4","","40","","34","","19","","48.3","","102.44","","","","","","Clear"
"2017-01-31 17:00","2017","01","31","17:00","3.5","","-6.5","","48","","33","","16","","48.3","","102.50","","","","","","NA"
"2017-01-31 18:00","2017","01","31","18:00","2.5","","-7.4","","48","","33","","11","","48.3","","102.53","","","","","","NA"
"2017-01-31 19:00","2017","01","31","19:00","2.7","","-6.0","","53","","32","","16","","48.3","","102.56","","","","","","Clear"
"2017-01-31 20:00","2017","01","31","20:00","3.4","","-9.6","","38","","4","","13","","48.3","","102.61","","","","","","NA"
"2017-01-31 21:00","2017","01","31","21:00","3.1","","-10.6","","36","","5","","14","","48.3","","102.64","","","","","","NA"
"2017-01-31 22:00","2017","01","31","22:00","3.0","","-11.0","","35","","5","","13","","48.3","","102.67","","","","","","Clear"
"2017-01-31 23:00","2017","01","31","23:00","2.6","","-11.0","","36","","5","","23","","48.3","","102.72","","","","","","NA"
